<?xml version="1.0" encoding="UTF-8"?>
<includes>

    <!-- Basic View Constants -->
    <constant name="view_pad">80</constant>
    <constant name="view_top">200</constant>
    <constant name="view_bar">40</constant>
    <constant name="view_gutter">-10</constant>

    <!-- Grid Constants -->
    <constant name="grid_x01">10</constant>
    <constant name="grid_x02">20</constant>
    <constant name="grid_x03">30</constant>
    <constant name="grid_x04">40</constant>
    <constant name="grid_x06">60</constant>
    <constant name="grid_x08">80</constant>
    <constant name="grid_x12">120</constant>
    <constant name="grid_x14">140</constant>
    <constant name="grid_x16">160</constant>
    <constant name="grid_x20">200</constant>
    <constant name="grid_x24">240</constant>
    <constant name="grid_x28">280</constant>
    <constant name="grid_x30">300</constant>
    <constant name="grid_x32">320</constant>
    <constant name="grid_x36">360</constant>
    <constant name="grid_x40">400</constant>
    <constant name="grid_x44">440</constant>
    <constant name="grid_x48">480</constant>
    <constant name="grid_x52">520</constant>
    <constant name="grid_x56">560</constant>
    <constant name="grid_x60">600</constant>
    <constant name="grid_x64">640</constant>
    <constant name="grid_x68">680</constant>

    <constant name="-grid_x01">-10</constant>
    <constant name="-grid_x02">-20</constant>
    <constant name="-grid_x03">-30</constant>
    <constant name="-grid_x04">-40</constant>
    <constant name="-grid_x06">-60</constant>
    <constant name="-grid_x08">-80</constant>
    <constant name="-grid_x12">-120</constant>
    <constant name="-grid_x14">-140</constant>
    <constant name="-grid_x16">-160</constant>
    <constant name="-grid_x20">-200</constant>
    <constant name="-grid_x24">-240</constant>
    <constant name="-grid_x28">-280</constant>
    <constant name="-grid_x30">-300</constant>
    <constant name="-grid_x32">-320</constant>
    <constant name="-grid_x36">-360</constant>
    <constant name="-grid_x40">-400</constant>
    <constant name="-grid_x44">-440</constant>
    <constant name="-grid_x48">-480</constant>
    <constant name="-grid_x52">-520</constant>
    <constant name="-grid_x56">-560</constant>
    <constant name="-grid_x60">-600</constant>
    <constant name="-grid_x64">-640</constant>
    <constant name="-grid_x68">-680</constant>

    <!-- Settings Dialogs -->
    <constant name="settings_category_w">440</constant>
    <constant name="settings_radiobutton_text_w">760</constant>
    <constant name="settings_slider_text_w">560</constant>

    <!-- General Dialogs -->
    <constant name="dialog_button_w">220</constant>
    <constant name="dialog_buttongroup_w">300</constant>
    <constant name="dialog_tall_h">880</constant>
    <constant name="dialog_tall_centertop">600</constant>
    <constant name="-dialog_buttongroup_w">-400</constant>

    <!-- Options Menu -->
    <constant name="optionsmenu_w">480</constant>

    <!-- Studio Logo -->
    
    <constant name="studio_logo_w">240</constant>

    <!-- FlixArt -->
    <constant name="flixart_size_w">1280</constant>
    <constant name="flixart_size_h">720</constant>
    <constant name="flixart_size_w">1152</constant>
    <constant name="flixart_size_h">648</constant>

    <!-- Info Dialogs -->
    <constant name="infodialog_left_w">620</constant>
    <constant name="-infodialog_left_w">-620</constant>
    <constant name="infodialog_poster_w">460</constant>
    <constant name="infodialog_poster_h">680</constant>

    <!-- View ItemLayouts -->
    <constant name="view_poster_item_w">217.14</constant>
    <constant name="view_poster_itemlayout_w">257.14</constant>
    <constant name="-view_poster_itemlayout_w">-257.14</constant>
    <constant name="view_poster_item_h">320</constant>
    <constant name="view_poster_itemlayout_h">360</constant>

    <constant name="view_osd_landscape_item_w">427</constant>
    <constant name="view_osd_landscape_itemlayout_w">467</constant>
    <constant name="-view_osd_landscape_itemlayout_w">-467</constant>
    <constant name="view_osd_landscape_item_h">240</constant>
    <constant name="view_osd_landscape_itemlayout_h">280</constant>
    <constant name="view_osd_landscape_list_w">1441</constant>
    <constant name="view_osd_landscape_arrows_w">1361</constant>

    <!-- View Info -->
    <constant name="info_poster_w">475</constant>
    <constant name="info_poster_h">680</constant>
    <constant name="info_plot_w">880</constant>
    <constant name="info_panel_w">1120</constant>
    <constant name="info_widelandscape_w">820</constant>
    <constant name="info_landscape_w">731.42</constant>
    <constant name="info_landscape_h">411.42375</constant>
    <constant name="info_landscape_details_t">440</constant>
    <constant name="-info_plot_small_h">-41</constant>
    <constant name="info_plot_small_h">41</constant>
    <constant name="-info_plot_h">-81</constant>
    <constant name="info_plot_h">81</constant>
    <constant name="-info_plot_large_h">-121</constant>
    <constant name="info_plot_large_h">121</constant>
    <constant name="-info_plot_mediainfo_h">-201</constant>
    <constant name="info_plot_mediainfo_h">201</constant>
    <constant name="-info_plot_person_h">-441</constant>
    <constant name="info_plot_person_h">441</constant>

    <!-- Context Menu -->
    <constant name="context_icon_w">515.2</constant>
    <constant name="context_slide_no">-257.6</constant>
    <constant name="context_slide_arrow_no">257.6</constant>
    <constant name="context_icon_sq_l">-204.8</constant>
    <constant name="context_slide_sq">102.4</constant>

    <!-- Expanded Widget -->
    <constant name="infowidget_next_t">160</constant>
    <constant name="infowidget_mext_t">280</constant>
    <constant name="infowidget_main_t">280</constant>
    <constant name="infowidget_full_t">-260</constant>
    <constant name="infowidget_plot_t">440</constant>
    <constant name="fullscreenwidget_buttongroup_t">720</constant>
    <constant name="fullscreenwidget_buttongroup_h">30</constant>
    <constant name="fullscreenwidget_infopanel_t">-260</constant>
    <constant name="widget_label_t">-420</constant>
    <constant name="widget_label_h">-180</constant>
    <constant name="widget_items_t">200</constant>
    <constant name="widget_items_h">880</constant>
    <constant name="widget_sbump_h">-280</constant>
    <constant name="widget_tbump_h">600</constant>
    <constant name="widget_stack_h">780</constant>
    <constant name="widget_stack_t">-380</constant>
    <constant name="widget_ebump_h">880</constant>

    <!-- Up Next -->
    <constant name="upnext_image_w">284</constant>
    <constant name="upnext_image_h">160</constant>

    <!-- Dividers -->
    <constant name="divider_bottom">560</constant>

    <!-- Weather -->
    <constant name="weather_conditions_w">520</constant>
    <constant name="weather_forecast_h">220</constant>
    <constant name="weather_forecast_item_w">200</constant>

    <!-- Addon Browser -->
    <constant name="addonbrowser_category_w">520</constant>

    <!-- Keyboard -->
    <constant name="keyboard_pad">20</constant>
    <constant name="keyboard_h">720</constant>   <!-- 6 keys (height*6 + buttonpad*5 + grid_x04*2) -->
    <constant name="keyboard_w">1840</constant>   <!-- 16 keys (height*16 + buttonpad*15 + grid_x04*2) -->
    <constant name="keyboard_symbols_w">200</constant>  <!-- 2 keys (height*2 + buttonpad*1) + rounding -->
    <constant name="keyboard_done_w">320</constant>     <!-- 3 keys (height*3 + buttonpad*2) + rounding  -->
    <constant name="keyboard_shift_w">420</constant>    <!-- 4 keys (height*4 + buttonpad*3) + rounding  -->
    <constant name="keyboard_double_w">180</constant>   <!-- 2 keys (height*2 + buttonpad*1)  -->
    <constant name="keyboard_backspace_w">280</constant><!-- 3 keys (height*3 + buttonpad*2) -->
    <constant name="keyboard_spacebar_w">680</constant>    <!-- 7 keys (height*7 + buttonpad*6) -->


</includes>
