<?xml version="1.0" encoding="UTF-8"?>
<window>
    <defaultcontrol>11</defaultcontrol>
    <onload>CancelAlarm(osd_timeout,true)</onload>
    <include condition="Window.IsVisible(fullscreenvideo)">Animation_WindowTransition_FadeInOut</include>
    <controls>

        <include content="Object_Control">
            <param name="control">group</param>
            <include>Animation_FadeIn_Delay</include>
            <include>Animation_FadeOut</include>
            <visible>!$EXP[Exp_InfoDialogs]</visible>
            <!--<control type="image">
                <texture colordiffuse="7f000000">common/white.png</texture>
            </control>-->
            <control type="image">
                <texture colordiffuse="panel_bg">background/floor.png</texture>
            </control>
        </include>

        <control type="group">
            <visible>!$EXP[Exp_InfoDialogs]</visible>
            <include>Animation_Common</include>
            <include condition="!Window.IsVisible(fullscreenvideo)" content="Animation_Foreground_SlideUp">
                <param name="delay">400</param>
            </include>
            <include content="OSD_CastInfo_ExpandGroup">

                <include content="Object_Control" condition="!Window.IsVisible(fullscreenvideo)">
                    <param name="control">label</param>
                    <font>font_main_black</font>
                    <height>40</height>
                    <textcolor>panel_fg_90</textcolor>
                    <label>$INFO[ListItem.ChannelName,, ][CAPITALIZE]$LOCALIZE[19686][/CAPITALIZE]</label>
                    <top>-80</top>
                </include>

                <control type="group">
                    <width>427</width>
                    <height>240</height>
                    <visible>Integer.IsEqual(Container(11).NumItems,0)</visible>
                    <include>Object_ItemBack</include>
                    <control type="image">
                        <width>128</width>
                        <height>128</height>
                        <centerleft>50%</centerleft>
                        <centertop>50%</centertop>
                        <texture colordiffuse="panel_fg_70">special://skin/extras/icons/image.png</texture>
                    </control>
                </control>

                <!-- Episodes List -->
                <include content="List_Core">
                    <param name="orientation" value="horizontal" />
                    <param name="controltype" value="fixedlist" />
                    <param name="id" value="11" />
                    <param name="item_w" value="427" />
                    <param name="item_h" value="240" />
                    <param name="itemlayout_w" value="467" />
                    <param name="itemlayout_h" value="280" />
                    <param name="itemlayout_include" value="OSD_Episodes_Layout" />
                    <param name="offset_y" value="40" />
                    <param name="offset_x">40</param>
                    <focusposition>0</focusposition>
                    <movement>0</movement>
                    <height>360</height>
                    <top>-40</top>
                    <onup>6400</onup>
                    <left>-40</left>
                    <width>100%</width>
                    <onup>Close</onup>
                    <ondown>2</ondown>
                </include>

                <include content="OSD_Episodes_Arrows">
                    <param name="id">11</param>
                    <width>100%</width>
                    <height>240</height>
                </include>

                <include content="OSD_Episodes_Info_Group">
                    <param name="label">[CAPITALIZE]$LOCALIZE[19686][/CAPITALIZE][COLOR=$VAR[ColorHighlight]]  •  [/COLOR]$INFO[Container(11).CurrentItem,, $LOCALIZE[1443] ]$INFO[Container(11).NumItems,, $LOCALIZE[31022]]</param>
                    <include content="OSD_Episodes_Info_Basic">
                        <param name="icon">$INFO[Player.Icon]</param>
                        <param name="label">[COLOR=panel_fg_100][B]$INFO[Container(11).ListItem.Season,S,]$INFO[Container(11).ListItem.Episode,E, ]$INFO[Container(11).ListItem.Title,, ~ ][/B][/COLOR]$INFO[Container(11).ListItem.Plot]</param>
                    </include>
                </include>
            </include>
        </control>
    </controls>
</window>
