<?xml version="1.0" encoding="UTF-8"?>
<window>
	<defaultcontrol always="true">6012</defaultcontrol>
	<zorder>0</zorder>
	<controls>
		<control type="grouplist">
			<align>left</align>
			<orientation>horizontal</orientation>
			<left>30</left>
			<bottom>80</bottom>
			<height>60</height>
			<width>600</width>
			<control type="button" id="6012">
				<description>Skip intro</description>
				<width max="600">auto</width>
				<height>60</height>
				<font>font20_title</font>
				<label></label>
				<textcolor>FFededed</textcolor>
				<focusedcolor>FFededed</focusedcolor>
				<selectedcolor>FFededed</selectedcolor>
				<shadowcolor>66000000</shadowcolor>
				<textoffsetx>30</textoffsetx>
				<aligny>center</aligny>
				<align>center</align>
				<texturefocus border="10" colordiffuse="FF305367">button.png</texturefocus>  <!-- Color ARGB: B3=70% transparency -->
				<texturenofocus border="10" colordiffuse="FF212121">button.png</texturenofocus>
				<animation effect="fade" start="0" end="100" time="200">WindowOpen</animation>
				<animation effect="fade" start="100" end="0" time="200">WindowClose</animation>
			</control>
		</control>
	</controls>
</window>
