<?xml version="1.0" encoding="UTF-8"?>
<colors>
    <!-- Main -->
    <color name="main_fg_100">ffdedede</color>
    <color name="main_fg_90">e7dedede</color>
    <color name="main_fg_70">ccdedede</color>
    <color name="main_fg_30">99dedede</color>
    <color name="main_fg_12">1fdedede</color>

    <color name="main_bg_100">ff181818</color>
    <color name="main_bg_90">e7181818</color>
    <color name="main_bg_70">cc181818</color>
    <color name="main_bg_30">99181818</color>
    <color name="main_bg_12">1f181818</color>

    <!-- Dialogs -->
    <color name="dialog_bg_100">ffcccccc</color>
    <color name="dialog_bg_70">cccccccc</color>
    <color name="dialog_bg_30">99cccccc</color>
    <color name="dialog_bg_12">1fcccccc</color>

    <color name="dialog_fg_100">ff181818</color>
    <color name="dialog_fg_70">cc181818</color>
    <color name="dialog_fg_30">99181818</color>
    <color name="dialog_fg_12">1f181818</color>

    <!-- Panels -->
    <color name="panel_bg">c5000000</color>
    <color name="panel_fg_100">ffededed</color>
    <color name="panel_fg_70">ccededed</color>
    <color name="panel_fg_30">99ededed</color>
    <color name="panel_fg_12">1fededed</color>
    <!-- addons - poprawki dla mbebe i wyszukiwajki -->
    <color name="blue">ffffffff</color>
    <color name="red">ffffffff</color>
    <color name="lightgreen">ffffffff</color>
    <color name="khaki">ffffffff</color>

</colors>
