<?xml version="1.0" encoding="UTF-8"?>
<window>
    <defaultcontrol always="true">6100</defaultcontrol>
    <animation effect="fade" start="0" end="100" time="300" delay="200" condition="Window.IsVisible(DialogSeekBar.xml)">WindowOpen</animation>
    <animation effect="fade" start="0" end="100" time="300" delay="0" condition="!Window.IsVisible(DialogSeekBar.xml)">WindowOpen</animation>
    <animation effect="fade" end="0" start="100" time="300">WindowClose</animation>
    <onload>SetProperty(UID,$ESCINFO[Player.Title]$INFO[Player.Time(ss)])</onload>
    <onunload>CancelAlarm(osd_timeout,true)</onunload>
    <controls>

        <include content="Object_Hidden_Button">
            <param name="id" value="99997" />
            <onfocus>SetFocus(6100)</onfocus>
            <onfocus condition="Window.IsVisible(videoosd)">Action(Close)</onfocus>
        </include>

        <control type="group">
            <visible>!Window.IsActive(DialogPlayerProcessInfo.xml)</visible>
            <visible>!Window.IsVisible(DialogSlider.xml)</visible>
            <include>Animation_OSD_ExpandInfo</include>

            <control type="group">
                <animation effect="fade" time="200" start="100" end="0" condition="$EXP[Exp_OSD_ExpandInfo]" reversible="false">Conditional</animation>
                <animation effect="fade" time="200" delay="200" end="100" start="0" condition="!$EXP[Exp_OSD_ExpandInfo]" reversible="false">Conditional</animation>
                <!-- Left Side Buttons -->
                <control type="grouplist" id="6000">
                    <centerbottom>70</centerbottom>
                    <height>120</height>
                    <left>view_pad</left>
                    <right>view_pad</right>
                    <orientation>horizontal</orientation>
                    <itemgap>30</itemgap>
                    <onleft>6800</onleft>
                    <onright>6500</onright>
                    <ondown condition="$EXP[Exp_OSD_HasPlaylist]">ActivateWindow(1140)</ondown>
                    <ondown condition="![$EXP[Exp_OSD_HasPlaylist]]">ActivateWindow(1141)</ondown><!-- notoco -->

                    <include content="OSD_Button">
                        <param name="autoclose" value="true" />
                        <param name="visible" value="true" />
                        <param name="icon" value="$VAR[Image_OSD_PlayPause]" />
                        <param name="visible" value="true" />
                        <param name="id" value="6100" />
                        <param name="groupid" value="6199" />
                        <onclick>PlayerControl(Play)</onclick>
                        <onfocus condition="Player.Forwarding | Player.Rewinding">PlayerControl(Play)</onfocus>
                        <onunfocus condition="Player.Forwarding | Player.Rewinding">PlayerControl(Play)</onunfocus>
                        <onup>SetFocus(6101)</onup>
                    </include>

                    <!-- Button 2 -->
                    <include content="OSD_Button" condition="!VideoPlayer.Content(livetv)">
                        <param name="autoclose" value="true" />
                        <param name="visible" value="true" />
                        <param name="icon" value="$VAR[Image_OSD_Back]" />
                        <param name="id" value="6200" />
                        <param name="groupid" value="6299" />
                        <onclick condition="!Player.Paused">Seek(-10)</onclick>
                        <onclick condition="Player.Paused">Seek(-1)</onclick>
                        <onup>8200</onup>
                    </include>
                    <include content="OSD_Button" condition="VideoPlayer.Content(livetv)">
                        <param name="autoclose" value="true" />
                        <param name="visible" value="true" />
                        <param name="icon" value="special://skin/extras/icons/list-ol.png" />
                        <param name="id" value="6200" />
                        <param name="groupid" value="6299" />
                        <onclick>Close</onclick>
                        <onclick>ActivateWindow(pvrosdchannels)</onclick>
                        <onup>8200</onup>
                    </include>

                    <!-- Button 3 -->
                    <include content="OSD_Button" condition="!VideoPlayer.Content(livetv)">
                        <param name="autoclose" value="true" />
                        <param name="visible" value="true" />
                        <param name="icon" value="$VAR[Image_OSD_Forward]" />
                        <param name="id" value="6300" />
                        <param name="groupid" value="6399" />
                        <onclick condition="!Player.Paused">Seek(10)</onclick>
                        <onclick condition="Player.Paused">PlayerControl(FrameAdvance(1))</onclick>
                        <onup>8200</onup>
                    </include>
                    <include content="OSD_Button" condition="VideoPlayer.Content(livetv)">
                        <param name="autoclose" value="true" />
                        <param name="visible" value="true" />
                        <param name="icon" value="special://skin/extras/icons/list.png" />
                        <param name="id" value="6300" />
                        <param name="groupid" value="6399" />
                        <onclick>Close</onclick>
                        <onclick>ActivateWindow(TVGuide)</onclick>
                        <onup>8200</onup>
                    </include>

                    <include content="OSD_Button">
                        <param name="autoclose" value="true" />
                        <param name="visible" value="true" />
                        <param name="icon" value="$VAR[Image_OSD_NextStop]" />
                        <param name="id" value="6400" />
                        <param name="groupid" value="6499" />
                        <onclick condition="!String.IsEqual(VideoPlayer.PlaylistPosition,VideoPlayer.PlaylistLength) + !Skin.HasSetting(OSD.AlwaysDisplayStop)">PlayerControl(Next)</onclick>
                        <onclick condition="String.IsEqual(VideoPlayer.PlaylistPosition,VideoPlayer.PlaylistLength) | Skin.HasSetting(OSD.AlwaysDisplayStop)">PlayerControl(Stop)</onclick>
                        <onup>8200</onup>
                    </include>

                    <include content="OSD_Button">
                        <param name="autoclose" value="true" />
                        <param name="visible" value="PVR.CanRecordPlayingChannel + VideoPlayer.Content(livetv)" />
                        <param name="icon" value="special://skin/extras/icons/circle.png" />
                        <param name="id" value="6900" />
                        <param name="groupid" value="6990" />
                        <label>[CR][CR][CR]$VAR[Label_OSD_PVR_Recording]</label>
                        <textcolor>panel_fg_100</textcolor>
                        <focusedcolor>panel_fg_100</focusedcolor>
                        <shadowcolor>shadow_hard</shadowcolor>
                        <font>font_hint</font>
                        <align>center</align>
                        <aligny>top</aligny>
                        <textoffsetx>0</textoffsetx>
                        <onclick>PVR.ToggleRecordPlayingChannel</onclick>
                    </include>

                </control>

                <!-- Playback Speed Display -->
                <include content="OSD_Menu_Back">
                    <param name="arrow_pos" value="410" />
                    <visible>Control.HasFocus(6101)</visible>
                    <include>Animation_SlideIn_Dialog</include>
                    <left>40</left>
                    <width>480</width>
                    <height>200</height>
                    <control type="group">
                        <bottom>20</bottom>
                        <height>160</height>
                        <left>grid_x04</left>
                        <right>grid_x04</right>
                        <include content="Dialog_Menu_Button">
                            <left>-grid_x04</left>
                            <right>-grid_x04</right>
                            <param name="id" value="6101" />
                            <param name="groupid" value="6102" />
                            <param name="control" value="button" />
                            <param name="icon" value="" />
                            <onup>6100</onup>
                            <ondown>6100</ondown>
                            <height>160</height>
                            <onleft condition="Player.Paused">PlayerControl(Play)</onleft>
                            <onright condition="Player.Paused">PlayerControl(Play)</onright>
                            <onright condition="!Player.Forwarding32x">PlayerControl(Forward)</onright>
                            <onleft condition="!Player.Rewinding32x">PlayerControl(Rewind)</onleft>
                        </include>
                        <include content="OSD_TempoControl">
                            <param name="istempo">false</param>
                            <param name="selected">true</param>
                        </include>
                    </control>
                </include>

                <!-- Right Side Buttons -->
                <control type="grouplist" id="6001">
                    <centerbottom>70</centerbottom>
                    <height>120</height>
                    <left>view_pad</left>
                    <right>view_pad</right>
                    <orientation>horizontal</orientation>
                    <itemgap>30</itemgap>
                    <align>right</align>
                    <onleft>6900</onleft>
                    <onright>6100</onright>
                    <ondown>ActivateWindow(1141)</ondown>

                    <include content="OSD_Button">
                        <param name="autoclose" value="true" />
                        <param name="visible" value="true" />
                        <param name="icon" value="special://skin/extras/icons/info2.png" />
                        <param name="visible" value="true" />
                        <param name="id" value="6500" />
                        <param name="groupid" value="6599" />


                        <onup>SetProperty(CustomDialogSettingsTitle,$LOCALIZE[137] Wikipedia,Home)</onup>
                        <onup>SetProperty(CustomDialogSettingsItems,Items_OSD_Wikipedia,Home)</onup>
                        <onup>ActivateWindow(1118)</onup>

                        <onclick condition="VideoPlayer.Content(livetv)">Action(Down)</onclick>

                        <onclick condition="!VideoPlayer.Content(livetv)">SetProperty(OSDExtendedInfo,1,Home)</onclick>
                        <onclick condition="!VideoPlayer.Content(livetv) + !Player.Paused + !Skin.HasSetting(OSD.DisablePauseOnInfo)">Pause</onclick>
                        <onclick condition="!VideoPlayer.Content(livetv)">Action(Close)</onclick>

                        <onfocus>SetProperty(TMDbHelper.WinProp.Player.Title,'"$INFO[Player.Title]"',Home)</onfocus>
                        <onfocus>SetProperty(TMDbHelper.WinProp.VideoPlayer.TvShowTitle,'"$INFO[VideoPlayer.TvShowTitle]"',Home)</onfocus>

                        <onclick condition="VideoPlayer.Content(movies) + !String.IsEmpty(VideoPlayer.IMDBNumber) + String.StartsWith(VideoPlayer.IMDBNumber,tt)">RunScript(plugin.video.themoviedb.helper,recommendations=oninfo,tmdb_type=movie,imdb_id=$INFO[VideoPlayer.IMDBNumber],window_id=1191)</onclick>
                        <onclick condition="VideoPlayer.Content(movies) + !String.IsEmpty(VideoPlayer.IMDBNumber) + !String.StartsWith(VideoPlayer.IMDBNumber,tt)">RunScript(plugin.video.themoviedb.helper,recommendations=oninfo,tmdb_type=movie,tmdb_id=$INFO[VideoPlayer.IMDBNumber],window_id=1191)</onclick>
                        <onclick condition="VideoPlayer.Content(movies) + String.IsEmpty(VideoPlayer.IMDBNumber)">RunScript(plugin.video.themoviedb.helper,recommendations=oninfo,tmdb_type=movie,query=$WINPROP[Player.Title],window_id=1191)</onclick>
                        <onclick condition="VideoPlayer.Content(episodes)">RunScript(plugin.video.themoviedb.helper,recommendations=oninfo,tmdb_type=tv,query=$WINPROP[VideoPlayer.TvShowTitle],episode_year=$INFO[VideoPlayer.Year],window_id=1191)</onclick>

                    </include>
                    <include content="OSD_Button">
                        <param name="autoclose" value="true" />
                        <param name="visible" value="true" />
                        <param name="icon" value="flags/monochrome/channels/$INFO[VideoPlayer.AudioChannels].png" /><!-- notoco -->
                        <param name="visible" value="true" />
                        <param name="id" value="6600" />
                        <param name="groupid" value="6699" />
                        <label>[CR][CR][CR]$INFO[VideoPlayer.AudioLanguage,[UPPERCASE],[/UPPERCASE]]</label>
                        <textcolor>panel_fg_100</textcolor>
                        <focusedcolor>panel_fg_100</focusedcolor>
                        <shadowcolor>shadow_hard</shadowcolor>
                        <font>font_hint</font>
                        <align>center</align>
                        <aligny>top</aligny>
                        <textoffsetx>0</textoffsetx>
                        <onclick>ActivateWindow(osdaudiosettings)</onclick>
                        <onup condition="!Skin.HasSetting(OSD.DisablePopUpDialogs)">SetFocus(6601)</onup>
                        <onup condition="Skin.HasSetting(OSD.DisablePopUpDialogs)">ActivateWindow(1143)</onup>
                    </include>
                    <include content="OSD_Button">
                        <param name="autoclose" value="true" />
                        <param name="visible" value="true" />
                        <param name="icon" value="special://skin/extras/icons/quote.png" />
                        <param name="id" value="6700" />
                        <param name="groupid" value="6799" />
                        <label>[CR][CR][CR]$VAR[Label_OSD_SubtitlesLanguage]</label>
                        <textcolor>panel_fg_100</textcolor>
                        <focusedcolor>panel_fg_100</focusedcolor>
                        <shadowcolor>shadow_hard</shadowcolor>
                        <font>font_hint</font>
                        <align>center</align>
                        <aligny>top</aligny>
                        <textoffsetx>0</textoffsetx>
                        <onclick>ActivateWindow(osdsubtitlesettings)</onclick>
                        <onup condition="!Skin.HasSetting(OSD.DisablePopUpDialogs)">SetFocus(6701)</onup>
                        <onup condition="Skin.HasSetting(OSD.DisablePopUpDialogs)">ActivateWindow(1144)</onup>
                    </include>
                    <include content="OSD_Button">
                        <param name="autoclose" value="true" />
                        <param name="visible" value="true" />
                        <param name="icon" value="special://skin/extras/icons/video.png" />
                        <param name="visible" value="true" />
                        <param name="id" value="6800" />
                        <param name="groupid" value="6899" />
                        <onclick>ActivateWindow(osdvideosettings)</onclick>
                        <onup>SetFocus(7800)</onup>
                    </include>
                </control>

                <!-- Audio Tracks -->
                <include content="OSD_Stream_Selector" condition="!Skin.HasSetting(OSD.DisablePopUpDialogs)">
                    <param name="id" value="6601" />
                    <param name="buttonid" value="6600" />
                    <param name="stream_type" value="audio" />
                    <param name="header" value="$LOCALIZE[292]" />
                    <param name="nibpos" value="250" />
                    <param name="method" value="set_player_audiostream" />
                    <visible>!Window.IsVisible(DialogSettings.xml)</visible>
                    <visible>Control.HasFocus(6600) | Control.HasFocus(6601)</visible>
                    <visible>!Integer.IsEqual(Container(6601).NumItems,0) | Container(6601).IsUpdating</visible>
                    <animation effect="fade" start="100" end="0" condition="Integer.IsEqual(Container(6601).NumItems,0)">Conditional</animation>
                </include>

                <!-- Subtitles -->
                <include content="OSD_Stream_Selector" condition="!Skin.HasSetting(OSD.DisablePopUpDialogs)">
                    <param name="id" value="6701" />
                    <param name="buttonid" value="6700" />
                    <param name="stream_type" value="subtitle" />
                    <param name="header" value="$LOCALIZE[287]" />
                    <param name="nibpos" value="160" />
                    <param name="width" value="640" />
                    <param name="method" value="set_player_subtitle" />
                    <param name="enabled" value="VideoPlayer.SubtitlesEnabled" />
                    <param name="toggle" value="true" />
                    <visible>!Window.IsVisible(DialogSettings.xml)</visible>
                    <visible>Control.HasFocus(6700) | Control.HasFocus(6701)</visible>
                    <visible>!Integer.IsEqual(Container(6701).NumItems,0) | Container(6701).IsUpdating</visible>
                    <animation effect="fade" start="100" end="0" condition="Integer.IsEqual(Container(6701).NumItems,0)">Conditional</animation>
                </include>

                <!-- Settings -->
                <include content="OSD_Menu_Back">
                    <param name="arrow_pos" value="70" />
                    <visible>!Window.IsVisible(DialogSlider.xml)</visible>
                    <visible>!Window.IsVisible(videobookmarks)</visible>
                    <visible>!Window.IsVisible(pvrchannelguide)</visible>
                    <visible>!Window.IsVisible(DialogSettings.xml)</visible>
                    <visible>[Control.HasFocus(6800) + !Skin.HasSetting(OSD.DisablePopUpDialogs)] | ControlGroup(6801).HasFocus() | Control.HasFocus(7800)</visible>
                    <include>Animation_SlideIn_Dialog</include>
                    <right>40</right>
                    <width>480</width>
                    <height>420</height>
                    <include content="Object_MenuHeader">
                        <param name="label" value="$LOCALIZE[157]" />
                    </include>
                    <control type="grouplist" id="6801">
                        <top>120</top>
                        <bottom>20</bottom>
                        <ondown>7800</ondown>
                        <onleft>6800</onleft>
                        <onright>6800</onright>
                        <onup>noop</onup>
                        <orientation>vertical</orientation>
                        <include content="Dialog_Settings_Button">
                            <param name="id" value="6805" />
                            <param name="control" value="button" />
                            <label />
                            <font />
                            <onclick>Action(PlayerProcessInfo)</onclick>
                        </include>
                        <control type="group" id="6895">
                            <height>grid_x08</height>
                            <top>-grid_x08</top>
                            <left>-2</left>
                            <right>2</right>
                            <visible>Control.IsEnabled(6805) + Control.IsVisible(6805)</visible>
                            <include content="OSD_Codecs_Mono">
                                <param name="align" value="center" /><!-- notoco -->
                                <param name="color_fg_90">dialog_fg_80</param>
                                <param name="color_fg_70">dialog_fg_80</param>
                                <param name="color_fg_30">dialog_fg_30</param>
                                <visible>!Control.HasFocus(6805)</visible>
                            </include>
                            <include content="OSD_Codecs_Mono">
                                <param name="align" value="center" /><!-- notoco -->
                                <param name="color_fg_90">$VAR[ColorSelected]</param>
                                <param name="color_fg_70">$VAR[ColorSelected]</param>
                                <param name="color_fg_30">$VAR[ColorSelected_50]</param>
                                <visible>Control.HasFocus(6805)</visible>
                            </include>
                        </control>
                    </control>
                    <control type="group">
                        <bottom>20</bottom>
                        <height>160</height>
                        <left>grid_x04</left>
                        <right>grid_x04</right>
                        <control type="image">
                            <centertop>-20</centertop>
                            <height>1</height>
                            <texture colordiffuse="dialog_fg_12">common/white.png</texture>
                        </control>
                        <include content="Dialog_Menu_Button">
                            <left>-grid_x04</left>
                            <right>-grid_x04</right>
                            <param name="id" value="7800" />
                            <param name="groupid" value="7890" />
                            <param name="control" value="button" />
                            <param name="icon" value="" />
                            <onup>6805</onup>
                            <ondown>6800</ondown>
                            <height>160</height>
                            <onleft condition="Player.Paused">PlayerControl(Play)</onleft>
                            <onright condition="Player.Paused">PlayerControl(Play)</onright>
                            <onleft condition="Player.TempoEnabled">PlayerControl(TempoDown)</onleft>
                            <onright condition="Player.TempoEnabled">PlayerControl(TempoUp)</onright>
                            <onright condition="!Player.TempoEnabled + !Player.Forwarding32x">PlayerControl(Forward)</onright>
                            <onleft condition="!Player.TempoEnabled + !Player.Rewinding32x">PlayerControl(Rewind)</onleft>
                        </include>
                        <include content="OSD_TempoControl">
                            <param name="istempo">Player.TempoEnabled</param>
                            <visible>!Control.HasFocus(7800)</visible>
                        </include>
                        <include content="OSD_TempoControl">
                            <param name="istempo">Player.TempoEnabled</param>
                            <param name="selected">true</param>
                            <visible>Control.HasFocus(7800)</visible>
                        </include>
                    </control>
                </include>
            </control>

        </control>

        <include content="OSD_CastInfo_HintText">
            <param name="label">$VAR[Label_OSD_HintText]</param>
            <visible>!Window.IsVisible(DialogSlider.xml)</visible>
            <visible>!Window.IsVisible(videobookmarks)</visible>
            <visible>!Window.IsVisible(pvrosdguide)</visible>
            <visible>!Window.IsVisible(1141)</visible>
            <visible>!Window.IsVisible(1143)</visible>
            <visible>!Window.IsVisible(1144)</visible>
            <visible>ControlGroup(6000).HasFocus() | ControlGroup(6001).HasFocus()</visible>
        </include>

        <control type="progress">
            <centerleft>50%</centerleft>
            <width>1840</width>
            <height>112</height>
            <centerbottom>166</centerbottom>
            <info>Player.Progress</info>
            <texturebg colordiffuse="00ffffff">progress/slider_bg.png</texturebg>
            <righttexture colordiffuse="panel_fg_100">progress/slider_nib.png</righttexture>
            <lefttexture />
            <midtexture />
            <visible>Control.HasFocus(8200)</visible>
            <visible>!Pvr.IsPlayingTv</visible>
        </control>

        <control type="progress">
            <centerleft>50%</centerleft>
            <width>1840</width>
            <height>112</height>
            <centerbottom>166</centerbottom>
            <info>PVR.EpgEventProgress</info>
            <texturebg colordiffuse="00ffffff">progress/slider_bg.png</texturebg>
            <righttexture colordiffuse="panel_fg_100">progress/slider_nib.png</righttexture>
            <lefttexture />
            <midtexture />
            <visible>Control.HasFocus(8200)</visible>
            <visible>Pvr.IsPlayingTv</visible>
        </control>

        <control type="slider" id="8200">
            <centerleft>50%</centerleft>
            <width>1760</width>
            <height>112</height>
            <centerbottom>166</centerbottom>
            <info>Player.Progress</info>
            <action>seek</action>
            <texturesliderbar />
            <textureslidernib />
            <textureslidernibfocus />
            <onup>6000</onup>
            <ondown>6000</ondown>
        </control>
    </controls>
</window>
