<?xml version="1.0" encoding="UTF-8"?>
<window>
    <defaultcontrol always="true">9000</defaultcontrol>

    <controls>

        <include content="Object_ShadowSpot_Group">
            <param name="width" value="1100" />
            <param name="height" value="360" />
            <include content="Object_ShadowSpot_Grouplist">
                <include content="Object_ShadowSpot_Label">
                    <param name="label" value="$INFO[Player.Process(videodecoder),[COLOR panel_fg_100]$LOCALIZE[31279]:[/COLOR] ]$VAR[Label_VideoHWDecoder, (,)]" />
                </include>
                <include content="Object_ShadowSpot_Label">
                    <param name="label" value="$INFO[Player.Process(pixformat),[COLOR panel_fg_100]$LOCALIZE[31280]:[/COLOR] ]" />
                </include>
                <include content="Object_ShadowSpot_Label">
                    <param name="label" value="$INFO[Player.Process(deintmethod),[COLOR panel_fg_100]$LOCALIZE[16038]:[/COLOR] ]" />
                </include>
                <include content="Object_ShadowSpot_Label">
                    <param name="label" value="$INFO[Player.Process(videowidth),[COLOR panel_fg_100]$LOCALIZE[38031]:[/COLOR] ,x]$INFO[Player.Process(videoheight),, px]$INFO[Player.Process(videodar),$COMMA , AR]$INFO[Player.Process(videofps),$COMMA , FPS]" />
                </include>
                <include content="Object_ShadowSpot_Label">
                    <param name="label" value="[COLOR panel_fg_100]$LOCALIZE[460]:[/COLOR] $INFO[Player.Process(audiochannels),,$COMMA ]$INFO[Player.Process(audiodecoder)]$INFO[Player.Process(audiobitspersample),$COMMA , bits]$INFO[Player.Process(audiosamplerate),$COMMA , Hz]" />
                </include>
                <include content="Object_ShadowSpot_Label">
                    <param name="label" value="$INFO[System.CpuUsage,[COLOR panel_fg_100]CPU: [/COLOR] ,       ]$INFO[System.Memory(used.percent),[COLOR panel_fg_100]RAM:[/COLOR] ,       ]$INFO[System.CPUTemperature,[COLOR panel_fg_100]Temp:[/COLOR] ,]" />
                </include>
                <control type="progress">
                    <top>5</top>
                    <width>800</width>
                    <height>10</height>
                    <left>0</left>
                    <info>System.CpuUsage</info>
                </control>
                <include content="Object_ShadowSpot_Label">
                    <param name="label" value="[COLOR Selected]Buffor:[/COLOR] $INFO[Player.CacheLevel]%" />
                </include>
                <control type="progress">
                    <top>5</top>
                    <width>800</width>
                    <height>10</height>
                    <left>0</left>
                    <info>Player.CacheLevel</info>
                </control>
            </include>
        </include>


        <control type="group">
            <include>Animation_FadeIn</include>
            <include>Animation_FadeOut</include>
            <top>0</top>
            <width>1920</width>
            <height>420</height>

            <control type="button" id="9000">
                <visible allowhiddenfocus="true">false</visible>
                <onclick>Close</onclick>
                <onleft>Close</onleft>
                <onright>Close</onright>
                <onup>Close</onup>
                <ondown>Close</ondown>
            </control>



        </control>

    </controls>

</window>
