<?xml version="1.0" encoding="UTF-8"?>
<includes>

    <include name="View_Hub_HiddenList">
        <control type="list" id="302">
            <top>-1000</top>
            <left>-1000</left>
            <width>1000</width>
            <height>1</height>
            <orientation>horizontal</orientation>
            <ondown>5610</ondown>
            <onfocus>ClearProperty(FocusWidget)</onfocus>
            <itemlayout width="1"/>
            <focusedlayout width="1"/>
            <include>Items_SubMenu</include>
        </control>
    </include>

    <include name="View_Random_Showcase_List">
        <include content="Info_Widget_Poster">
            <param name="id" value="30$PARAM[id]" />
            <param name="groupid" value="31$PARAM[id]" />
            <param name="label" value="$INFO[Container(5001).ListItem($PARAM[id]).Label]" />
            <param name="viewtype-include" value="Viewtype_Poster" />
            <param name="widget-type" value="widgets" />
            <param name="issubmenu" value="true" />
            <param name="showonupdate" value="true" />
            <param name="visible" value="!String.IsEmpty(Container(5001).ListItem($PARAM[id]).FolderPath)" />
            <animation effect="fade" start="100" end="0" condition="Container(30$PARAM[id]).IsUpdating">Conditional</animation>
            <content target="videos">$INFO[Container(5001).ListItem($PARAM[id]).FolderPath]</content>
            <nested />
        </include>
    </include>

    <include name="View_Cast_Toplabel">
        <param name="altid" default="999999" />
        <param name="spinner-visible" default="true" />
        <param name="widget-type" default="infowidgets" />
        <param name="issubmenu" default="false" />
        <param name="showonupdate" default="false" />
        <param name="infoslide" default="false" />
        <param name="backpanel" default="false" />
        <param name="clearart" default="false" />
        <definition>
            <control type="group" id="$PARAM[groupid]">
                <nested />
                <top>$PARAM[widget-type]_label_top</top>
                <height>$PARAM[widget-type]_item_top</height>
                <visible>Integer.IsGreater(Container($PARAM[id]).NumAllItems,0) | Container($PARAM[id]).IsUpdating | $PARAM[issubmenu]</visible>
                <control type="group">
                    <include condition="$PARAM[infoslide]">View_Cast_Toplabel_InfoSlide</include>
                    <include content="Viewtype_BackPanel_Widget">
                        <left>-65</left>
                        <top>-10</top>
                        <height>1080</height>
                        <include>Animation_FadeInOut_Common</include>
                        <visible>$PARAM[backpanel]</visible>
                        <include content="Object_Control" condition="[!Skin.HasSetting(LockMainMenu) | Skin.HasSetting(EnableHorizontalHome)]">
                            <param name="type" value="image" />
                            <right>100</right>
                            <top>-320</top>
                            <height>320</height>
                            <width>600</width>
                            <fadetime>400</fadetime>
                            <texture background="true">$VAR[Image_Home_ClearArt]</texture>
                            <aspectratio align="right" aligny="bottom" scalediffuse="false">keep</aspectratio>
                            <visible>$PARAM[clearart]</visible>
                            <visible>Skin.HasSetting(EnableHorizontalHome) | [!Skin.HasSetting(LockMainMenu) + Control.HasFocus($PARAM[id])]</visible>
                            <animation effect="fade" start="0" end="100" time="400" tween="cubic" easing="inout" reversible="false" delay="800">Visible</animation>
                        </include>
                    </include>
                    <control type="group">
                        <top>50</top>
                        <height>item_cast_height</height>
                        <include content="Defs_BusySpinner" condition="$PARAM[spinner-visible]"/>
                        <visible>Container($PARAM[id]).IsUpdating</visible>
                        <visible>Integer.IsEqual(Container($PARAM[id]).NumAllItems,0) | $PARAM[showonupdate]</visible>
                    </control>
                    <control type="grouplist" description="Focused List">
                        <right>100</right>
                        <height>$PARAM[widget-type]_item_top</height>
                        <orientation>horizontal</orientation>
                        <usecontrolcoords>true</usecontrolcoords>
                        <itemgap>10</itemgap>
                        <visible>Control.HasFocus($PARAM[id]) | Control.HasFocus($PARAM[altid])</visible>
                        <control type="label">
                            <top>17</top>
                            <left>15</left>
                            <width>auto</width>
                            <height>24</height>
                            <aligny>center</aligny>
                            <font>font_tiny_bold</font>
                            <textcolor>main_fg_100</textcolor>
                            <label>$PARAM[label]</label>
                        </control>
                        <control type="label">
                            <top>17</top>
                            <width>auto</width>
                            <label>|</label>
                            <aligny>center</aligny>
                            <textcolor>$VAR[ColorHighlight]</textcolor>
                            <font>font_tiny_bold</font>
                            <height>24</height>
                            <visible>!String.IsEmpty(Container($PARAM[id]).ListItem.Label)</visible>
                        </control>
                        <control type="label">
                            <top>17</top>
                            <width>auto</width>
                            <label>$PARAM[altlabel]</label>
                            <label>$INFO[Container($PARAM[id]).ListItem.Label]</label>
                            <aligny>center</aligny>
                            <textcolor>main_fg_100</textcolor>
                            <font>font_tiny</font>
                            <height>24</height>
                        </control>
                    </control>
                    <control type="grouplist" description="Unfocused List">
                        <right>100</right>
                        <height>$PARAM[widget-type]_item_top</height>
                        <orientation>horizontal</orientation>
                        <usecontrolcoords>true</usecontrolcoords>
                        <itemgap>10</itemgap>
                        <visible>!Control.HasFocus($PARAM[id]) + !Control.HasFocus($PARAM[altid])</visible>
                        <control type="label">
                            <top>17</top>
                            <left>15</left>
                            <width>auto</width>
                            <height>24</height>
                            <aligny>center</aligny>
                            <font>font_tiny_bold</font>
                            <textcolor>main_fg_30</textcolor>
                            <label>$PARAM[label]</label>
                        </control>
                    </control>
                </control>
            </control>
        </definition>
    </include>

    <include name="View_Cast_Toplabel_InfoSlide">
        <top>430</top>
    </include>

    <include name="View_Cast_Label">
        <param name="label2" default="ListItem.Label2" />
        <param name="bordersize" default="15" />
        <definition>
            <control type="group">
                <nested />
                <height>$PARAM[iconheight]</height>
                <visible>$PARAM[visible]</visible>
                <control type="image">
                    <height>200</height>
                    <bottom>0</bottom>
                    <bordersize>$PARAM[bordersize]</bordersize>
                    <texture colordiffuse="bf000000" border="10">common/dim-actor.png</texture>
                </control>
                <control type="label">
                    <left>25</left>
                    <right>25</right>
                    <font>font_statusbar</font>
                    <textcolor>panel_fg_100</textcolor>
                    <bottom>45</bottom>
                    <height>30</height>
                    <aligny>center</aligny>
                    <align>left</align>
                    <label>$INFO[ListItem.Label]</label>
                    <visible>!String.IsEmpty($PARAM[label2])</visible>
                </control>
                <control type="label">
                    <left>25</left>
                    <right>25</right>
                    <font>font_statusbar</font>
                    <textcolor>panel_fg_70</textcolor>
                    <height>30</height>
                    <bottom>20</bottom>
                    <aligny>center</aligny>
                    <align>left</align>
                    <info>$PARAM[label2]</info>
                    <visible>!String.IsEmpty($PARAM[label2])</visible>
                </control>
                <control type="label">
                    <left>25</left>
                    <right>25</right>
                    <font>font_statusbar</font>
                    <textcolor>panel_fg_100</textcolor>
                    <bottom>20</bottom>
                    <height>30</height>
                    <aligny>center</aligny>
                    <align>left</align>
                    <label>$INFO[ListItem.Label]</label>
                    <visible>String.IsEmpty($PARAM[label2])</visible>
                </control>
            </control>
        </definition>
    </include>

    <include name="View_Cast_Job_Label">
        <include content="View_Cast_Label">
            <param name="label2" value="ListItem.Property(job)" />
            <param name="iconheight" value="$PARAM[iconheight]" />
        </include>
    </include>
    <include name="View_Cast_Character_Label">
        <include content="View_Cast_Label">
            <param name="label2" value="ListItem.Property(character)" />
            <param name="iconheight" value="$PARAM[iconheight]" />
        </include>
    </include>
    <include name="View_Cast_Video_Label">
        <param name="label2" default="ListItem.Duration" />
        <definition>
            <include content="View_Cast_Label">
                <param name="label2" value="$PARAM[label2]" />
                <param name="iconheight" value="$PARAM[iconheight]" />
            </include>
        </definition>
    </include>

    <include name="View_Vertical">
        <oninfo condition="ListItem.IsCollection">ActivateWindow(1140)</oninfo>
        <onleft>SetFocus(300)</onleft>
        <onright>60</onright>
        <orientation>vertical</orientation>
    </include>

    <include name="View_Horizontal">
        <oninfo condition="ListItem.IsCollection">ActivateWindow(1140)</oninfo>
        <onup>SetFocus(300)</onup>
        <ondown>60</ondown>
        <orientation>horizontal</orientation>
    </include>

    <include name="View_Settings">
        <param name="top-id" default="5100" />
        <param name="bottom-id" default="5000" />
        <definition>
            <include content="Home_Hub_Widget_Label">
                <param name="id" value="$PARAM[top-id]" />
                <param name="label" value="$LOCALIZE[31312]" />
                <top>-70</top>
            </include>
            <include content="Viewtype_Settings">
                <param name="id" value="$PARAM[top-id]" />
                <include>Items_Settings_System</include>
                <top>40</top>
                <left>-80</left>
                <right>-80</right>
                <nested />
                <onback>301</onback>
                <ondown condition="Container($PARAM[top-id]).Column(0)">SetFocus($PARAM[bottom-id],0)</ondown>
                <ondown condition="Container($PARAM[top-id]).Column(1)">SetFocus($PARAM[bottom-id],2)</ondown>
                <ondown condition="Container($PARAM[top-id]).Column(2)">SetFocus($PARAM[bottom-id],4)</ondown>
                <ondown condition="Container($PARAM[top-id]).Column(3)">SetFocus($PARAM[bottom-id],6)</ondown>
                <onup condition="Window.IsVisible(Home)">SetProperty(SpecialWidgetControl,MoveUp,Home)</onup>
                <onup condition="Window.IsVisible(Home)">SetFocus(3000)</onup>
                <onleft condition="Window.IsVisible(Home)">SetProperty(SpecialWidgetControl,MoveLeft,Home)</onleft>
                <onleft condition="Window.IsVisible(Home)">SetFocus(3000)</onleft>
                <onright condition="Window.IsVisible(Home)">SetProperty(SpecialWidgetControl,MoveRight,Home)</onright>
                <onright condition="Window.IsVisible(Home)">SetFocus(3000)</onright>
            </include>
            <include content="Home_Hub_Widget_Label">
                <param name="id" value="$PARAM[bottom-id]" />
                <param name="label" value="$LOCALIZE[5]" />
                <top>240</top>
            </include>
            <include content="Viewtype_Settings">
                <param name="id" value="$PARAM[bottom-id]" />
                <param name="height" value="480" />
                <include>Items_Settings_Main</include>
                <bottom>-20</bottom>
                <left>-80</left>
                <right>-80</right>
                <nested />
                <onback>301</onback>
                <onup condition="Container($PARAM[bottom-id]).Column(0)">SetFocus($PARAM[top-id],0)</onup>
                <onup condition="Container($PARAM[bottom-id]).Column(1)">SetFocus($PARAM[top-id],1)</onup>
                <onup condition="Container($PARAM[bottom-id]).Column(2)">SetFocus($PARAM[top-id],2)</onup>
                <onup condition="Container($PARAM[bottom-id]).Column(3)">SetFocus($PARAM[top-id],3)</onup>
                <ondown condition="Window.IsVisible(Home)">SetProperty(SpecialWidgetControl,MoveDown,Home)</ondown>
                <ondown condition="Window.IsVisible(Home)">SetFocus(3000)</ondown>
                <onleft condition="Window.IsVisible(Home)">SetProperty(SpecialWidgetControl,MoveLeft,Home)</onleft>
                <onleft condition="Window.IsVisible(Home)">SetFocus(3000)</onleft>
                <onright condition="Window.IsVisible(Home)">SetProperty(SpecialWidgetControl,MoveRight,Home)</onright>
                <onright condition="Window.IsVisible(Home)">SetFocus(3000)</onright>
            </include>
        </definition>
    </include>

    <include name="View_Pad">
        <param name="top" default="view_top" />
        <param name="bottom" default="view_pad" />
        <param name="left" default="view_pad" />
        <param name="right" default="view_pad" />
        <definition>
            <top>$PARAM[top]</top>
            <bottom>$PARAM[bottom]</bottom>
            <left>$PARAM[left]</left>
            <right>$PARAM[right]</right>
        </definition>
    </include>

    <include name="View_WatchedOverlay_Content">
        <param name="affix" default="" />
        <param name="listitem" default="ListItem" />
        <param name="selected" default="false" />
        <definition>
            <control type="group">
                <nested />
                <bottom>-6</bottom>
                <right>34</right>
                <width>44</width>
                <height>44</height>
                <include content="Object_Control" condition="$PARAM[selected]">
                    <param name="type" value="group" />
                    <include content="Defs_Pad"><param name="pad" value="-7" /></include>
                    <control type="image">
                        <include content="Defs_Pad"><param name="pad" value="-24" /></include>
                        <texture>$VAR[Image_Overlay_Backing$PARAM[affix],,-fo-shadow.png]</texture>
                    </control>
                    <control type="image">
                        <texture colordiffuse="$VAR[ColorHighlight]">$VAR[Image_Overlay_Backing$PARAM[affix],,-fo.png]</texture>
                    </control>
                    <control type="image">
                        <animation effect="fade" end="50" condition="true">Conditional</animation>
                        <texture colordiffuse="$VAR[ColorGradient]">$VAR[Image_Overlay_Backing$PARAM[affix],,-fo.png]</texture>
                    </control>
                </include>
                <control type="image">
                    <texture colordiffuse="ff333333">$VAR[Image_Overlay_Backing$PARAM[affix],,-bg.png]</texture>
                </control>
                <control type="image">
                    <include content="Defs_Pad"><param name="pad" value="-8" /></include>
                    <texture colordiffuse="$VAR[ColorWatchedProgress]">$VAR[Defs_PercentPlayed$PARAM[affix],progress/circle/p,.png]</texture>
                    <aspectratio align="center" aligny="center">keep</aspectratio>
                </control>
                <control type="image">
                    <texture colordiffuse="black">$VAR[Image_Overlay_Backing$PARAM[affix],,-fg.png]</texture>
                </control>
                <control type="image">
                    <include content="Defs_Pad"><param name="pad" value="10" /></include>
                    <texture colordiffuse="white">$VAR[Image_Overlay$PARAM[affix]]</texture>
                </control>
                <control type="image">
                    <include content="Defs_Pad"><param name="pad" value="10" /></include>
                    <texture colordiffuse="$VAR[ColorWatchedProgress]">indicator/checkmark.png</texture>
                    <visible>!Skin.HasSetting(DisableIndicator.Watched)</visible>
                    <visible>String.IsEqual($PARAM[listitem].Overlay,OverlayWatched.png) | [!String.IsEmpty($PARAM[listitem].PlayCount) + !Integer.IsEqual($PARAM[listitem].PlayCount,0) + !String.IsEqual($PARAM[listitem].DBType,song) + !String.IsEqual($PARAM[listitem].DBType,album) + !String.IsEqual($PARAM[listitem].DBType,artist) + !String.IsEqual($PARAM[listitem].DBType,image) + !String.IsEqual($PARAM[listitem].DBType,addon)]</visible>
                    <visible>Integer.IsEqual($PARAM[listitem].Property(UnWatchedEpisodes),0) | Skin.HasSetting(DisableIndicator.Episodes)</visible>
                    <visible>!$PARAM[listitem].IsRecording + !$PARAM[listitem].HasTimer</visible>
                    <visible>!$PARAM[listitem].IsResumable | Skin.HasSetting(DisableIndicator.Progress)</visible>
                </control>
                <control type="label">
                    <font>font_unwatched</font>
                    <align>center</align>
                    <aligny>center</aligny>
                    <textcolor>panel_fg_100</textcolor>
                    <label>$INFO[$PARAM[listitem].Property(UnWatchedEpisodes)]</label>
                    <visible>Integer.IsGreater($PARAM[listitem].Property(UnWatchedEpisodes),0) + [String.IsEqual($PARAM[listitem].DBType,tvshow) | String.IsEqual($PARAM[listitem].DBType,season)] + !Skin.HasSetting(DisableIndicator.Episodes)</visible>
                </control>
            </control>
        </definition>
    </include>

    <include name="View_WatchedOverlay_Corner">
        <param name="affix" default="" />
        <param name="listitem" default="ListItem" />
        <param name="bg_color" default="ff000000" />
        <param name="fg_color" default="ffffffff" />
        <definition>
            <control type="image">
                <top>15</top>
                <right>15</right>
                <width>48</width>
                <height>48</height>
                <texture colordiffuse="$PARAM[bg_color]" border="10">$VAR[Image_Overlay_Backing$PARAM[affix],,.png]</texture>
            </control>
            <control type="image">
                <top>16</top>
                <right>16</right>
                <width>24</width>
                <height>24</height>
                <texture colordiffuse="$PARAM[fg_color]">$VAR[Image_Overlay$PARAM[affix]]</texture>
            </control>
            <control type="label">
                <top>15</top>
                <right>15</right>
                <width>28</width>
                <height>28</height>
                <font>font_unwatched</font>
                <align>center</align>
                <textcolor>ffededed</textcolor>
                <label>$INFO[$PARAM[listitem].Property(UnWatchedEpisodes)]</label>
                <visible>Integer.IsGreater($PARAM[listitem].Property(UnWatchedEpisodes),0) + [String.IsEqual($PARAM[listitem].DBType,tvshow) | String.IsEqual($PARAM[listitem].DBType,season)] + !Skin.HasSetting(DisableIndicator.Episodes)</visible>
            </control>
        </definition>
    </include>

    <include name="View_WatchedOverlay">
        <param name="affix" default="" />
        <param name="listitem" default="ListItem" />
        <definition>
            <include content="View_WatchedOverlay_Corner" condition="Skin.HasSetting(EnableClassicIndicators)">
                <param name="affix" value="$PARAM[affix]" />
                <param name="listitem" value="$PARAM[listitem]" />
            </include>
            <include content="View_WatchedOverlay_Content" condition="!Skin.HasSetting(EnableClassicIndicators)">
                <param name="affix" value="$PARAM[affix]" />
                <param name="listitem" value="$PARAM[listitem]" />
            </include>
        </definition>
    </include>

    <include name="View_WatchedOverlay_Focus">
        <param name="affix" default="" />
        <param name="listitem" default="ListItem" />
        <definition>
            <include content="View_WatchedOverlay_Corner" condition="Skin.HasSetting(EnableClassicIndicators)">
                <param name="affix" value="$PARAM[affix]" />
                <param name="listitem" value="$PARAM[listitem]" />
                <param name="bg_color" value="$VAR[ColorHighlight]" />
                <param name="fg_color" value="ff000000" />
            </include>
            <include content="View_WatchedOverlay_Content" condition="!Skin.HasSetting(EnableClassicIndicators)">
                <param name="affix" value="$PARAM[affix]" />
                <param name="listitem" value="$PARAM[listitem]" />
                <param name="selected" value="true" />
            </include>
        </definition>
    </include>
    <include name="View_List_Selectbox">
        <param name="gradient" default="true" />
        <definition>
            <control type="group">
                <visible>Control.HasFocus($PARAM[id]) | Control.HasFocus($PARAM[altid])</visible>
                <animation type="Focus" condition="!Skin.HasSetting(BounceAnimations) + Container($PARAM[id]).OnNext" reversible="false">
                    <effect type="slide" start="0,-50" end="0,0" time="300" tween="back" easing="out" />
                </animation>
                <animation type="Focus" condition="!Skin.HasSetting(BounceAnimations) + Container($PARAM[id]).OnPrevious" reversible="false">
                    <effect type="slide" start="0,50" end="0,0" time="300" tween="back" easing="out" />
                </animation>
                <control type="group">
                    <height>50%</height>
                    <visible>!Container($PARAM[id]).Position(0) + ![Container($PARAM[id]).Position(1) + Integer.IsLess(Container($PARAM[id]).NumAllItems,7)] + ![Container($PARAM[id]).Position(2) + Integer.IsLess(Container($PARAM[id]).NumAllItems,5)] + ![Container($PARAM[id]).Position(3) + Integer.IsLess(Container($PARAM[id]).NumAllItems,3)]</visible>
                    <control type="image">
                        <texture colordiffuse="$VAR[ColorHighlight]" border="10">common/white.png</texture>
                    </control>
                    <control type="image">
                        <texture colordiffuse="$VAR[ColorGradient]" border="10">common/white-gradient.png</texture>
                    </control>
                </control>
                <control type="group">
                    <bottom>0</bottom>
                    <height>50%</height>
                    <visible>!Container($PARAM[id]).Position(6)</visible>
                    <control type="image">
                        <texture colordiffuse="$VAR[ColorHighlight]" border="10">common/white.png</texture>
                    </control>
                    <control type="image">
                        <texture colordiffuse="$VAR[ColorGradient]" border="10">common/white-gradient.png</texture>
                    </control>
                </control>
                <control type="group">
                    <control type="image">
                        <texture colordiffuse="$VAR[ColorHighlight]" border="10">common/box.png</texture>
                    </control>
                    <control type="image">
                        <texture colordiffuse="$VAR[ColorGradient]" border="10">common/box-gradient.png</texture>
                    </control>
                </control>
                <nested />
            </control>
        </definition>
    </include>

    <include name="View_Selectbox">
        <param name="overlay" default="true" />
        <param name="pad" default="-12" />
        <param name="colordiffuse" default="$VAR[ColorHighlight]" />
        <param name="focusbounce" default="true" />
        <param name="focusbounce-conditional" default="false" />
        <param name="gradient" default="true" />
        <param name="affix" default="" />
        <param name="listitem" default="ListItem" />
        <param name="selectbox" default="true" />
        <definition>
            <control type="group">

                <animation type="Focus" condition="$PARAM[focusbounce]">
                    <effect type="zoom" start="96.5" end="100" time="150" tween="sine" easing="inout" center="auto"/>
                    <effect type="fade" start="20" end="100" time="150" tween="back" easing="out"/>
                </animation>
                <include content="Object_Control" condition="$PARAM[selectbox]">
                    <param name="type" value="group" />
                    <include content="Defs_Pad">
                        <param name="pad" value="$PARAM[pad]" />
                    </include>
                    <control type="image">
                        <bordersize>20</bordersize>
                        <bordertexture border="32" colordiffuse="Shadow">common/shadow-20.png</bordertexture>
                        <texture border="20" colordiffuse="$PARAM[colordiffuse]">common/selectbox.png</texture>
                    </control>
                    <control type="image">
                        <bordersize>20</bordersize>
                        <texture colordiffuse="$VAR[ColorGradient]" border="20">common/selectbox-gradient.png</texture>
                        <visible>$PARAM[gradient]</visible>
                    </control>
                </include>
                <include condition="$PARAM[overlay]" content="View_WatchedOverlay_Focus">
                    <param name="affix" value="$PARAM[affix]" />
                    <param name="listitem" value="$PARAM[listitem]" />
                </include>
                <nested />
            </control>
        </definition>
    </include>

</includes>

