<?xml version="1.0" encoding="UTF-8"?>
<window id="11112">
	<defaultcontrol>10070</defaultcontrol>
	<controls>
		<control type="group" id="10072">
			<width>500</width>
			<control type="group">
				<height>61</height>
				<control type="image">
				    <height>61</height>
					<width>500</width>
					<texture colordiffuse="context_color">dialogs/context/top.png</texture>
				</control>
				<control type="image">
					<top>61</top>
				    <height>61</height>
					<width>500</width>
					<texture colordiffuse="context_color">dialogs/context/middle.png</texture>
				</control>
				<control type="label" id="10071">
					<top>61</top>
					<left>65</left>
					<height>50</height>
					<width>500</width>
					<font>Med22</font>
					<aligny>center</aligny>
					<textcolor>FFFFFFFF</textcolor>
					<label></label>
				</control>
			</control>
			<control type="group" id="10073">
				<control type="image">
					<width>500</width>
					<height>61</height>
					<texture colordiffuse="context_color">dialogs/context/bottom.png</texture>
				</control>
			</control>
			<control type="panel" id="10070">
				<top>111</top>
				<onleft>10070</onleft>
				<onright>10070</onright>
				<onup>10070</onup>
				<ondown>10070</ondown>
				<orientation>vertical</orientation>
				<itemlayout height="50">
					<control type="image">
						<width>500</width>
						<height>50</height>
						<texture colordiffuse="context_color">dialogs/context/middle.png</texture>
					</control>
					<control type="label">
						<left>65</left>
						<width>360</width>
						<height>50</height>
						<aligny>center</aligny>
						<font>Med22</font>
						<textcolor>context_textcolor</textcolor>
						<label>$INFO[ListItem.Label]</label>
					</control>
				</itemlayout>
				<focusedlayout height="50">
					<control type="image">
						<width>500</width>
						<height>50</height>
						<texture colordiffuse="context_color">dialogs/context/middle.png</texture>
					</control>
					<control type="image">
						<left>50</left>
						<width>400</width>
						<texture colordiffuse="context_focusedcolor">common/white.jpg</texture>
					</control>
					<control type="label">
						<left>65</left>
						<width>360</width>
						<height>50</height>
	                    <font>Med22</font>
    	                <textcolor>context_textcolor_focused</textcolor>
						<aligny>center</aligny>
						<label>$INFO[ListItem.Label]</label>
					</control>
				</focusedlayout>
			</control>
		</control>
	</controls>
</window>
