<?xml version="1.0" encoding="UTF-8"?>
<includes>
    <include name="View_PVR_ChannelGroups">
        <control type="list" id="11">
            <nested />
            <height>item_list_height_half</height>
            <orientation>horizontal</orientation>
            <itemlayout width="210" height="item_list_height_half">
                <control type="label">
                    <align>left</align>
                    <aligny>center</aligny>
                    <textcolor>main_fg_30</textcolor>
                    <font>font_tiny</font>
                    <label>$INFO[ListItem.Label]</label>
                </control>
            </itemlayout>
            <focusedlayout width="210" height="item_list_height_half">
                <control type="label">
                    <align>left</align>
                    <aligny>center</aligny>
                    <textcolor>main_fg_100</textcolor>
                    <font>font_tiny_bold</font>
                    <label>$INFO[ListItem.Label]</label>
                    <visible>Control.HasFocus(11)</visible>
                </control>
                <control type="label">
                    <align>left</align>
                    <aligny>center</aligny>
                    <textcolor>main_fg_70</textcolor>
                    <font>font_tiny_bold</font>
                    <label>$INFO[ListItem.Label]</label>
                    <visible>!Control.HasFocus(11)</visible>
                </control>
            </focusedlayout>
        </control>
    </include>

    <include name="View_PVR_ItemLayout_Item">
        <param name="mainitem" default="true" />
        <param name="listitem" default="ListItem." />
        <param name="selected" default="false" />
        <definition>
            <control type="group">
                <top>4</top>
                <right>4</right>
                <control type="image">
                    <texture colordiffuse="$PARAM[panelcolor]" border="10">common/box.png</texture>
                    <visible>!$PARAM[selectbox]</visible>
                </control>
                <control type="image">
                    <texture colordiffuse="$VAR[ColorHighlight]" border="8">common/box.png</texture>
                    <visible>$PARAM[selectbox]</visible>
                </control>
                <control type="image">
                    <texture colordiffuse="$VAR[ColorGradient]" border="8">common/box-gradient.png</texture>
                    <visible>$PARAM[selectbox]</visible>
                </control>
                <control type="image">
                    <texture colordiffuse="$PARAM[fgcolor]_12">common/selected.png</texture>
                    <aspectratio aligny="top">center</aspectratio>
                    <visible>ListItem.IsPlaying</visible>
                    <visible>$PARAM[mainitem]</visible>
                </control>
            </control>
            <control type="progress">
                <top>4</top>
                <right>4</right>
                <bottom>0</bottom>
                <texturebg>pvr/progressline-back.png</texturebg>
                <lefttexture border="2" colordiffuse="bf777777">pvr/progressline-left2.png</lefttexture>
                <midtexture border="2" colordiffuse="bf777777">pvr/progressline-mid2.png</midtexture>
                <righttexture border="2" colordiffuse="bf777777">pvr/progressline-right2.png</righttexture>
                <info>ListItem.Progress</info>
                <visible>$PARAM[mainitem]</visible>
            </control>
            <control type="label">
                <left>30</left>
                <width>100</width>
                <align>right</align>
                <centertop>52%</centertop>
                <height>40</height>
                <aligny>center</aligny>
                <textcolor>$PARAM[fgcolor]_100</textcolor>
                <selectedcolor>$PARAM[fgcolor]_100</selectedcolor>
                <font>font_tiny</font>
                <label>$INFO[$PARAM[listitem]StartTime]</label>
                <visible>!String.IsEmpty($PARAM[listitem]StartTime)</visible>
            </control>
            <control type="label">
                <animation effect="slide" end="-120" condition="String.IsEmpty($PARAM[listitem]StartTime)">Conditional</animation>
                <left>150</left>
                <right>30</right>
                <centertop>52%</centertop>
                <height>40</height>
                <aligny>center</aligny>
                <textcolor>$PARAM[fgcolor]_100</textcolor>
                <selectedcolor>$PARAM[fgcolor]_100</selectedcolor>
                <font>font_tiny_bold</font>
                <label>$INFO[$PARAM[listitem]Title]</label>
                <visible>!String.IsEmpty($PARAM[listitem]Title)</visible>
            </control>
            <control type="label">
                <animation effect="slide" end="-120" condition="String.IsEmpty($PARAM[listitem]StartTime)">Conditional</animation>
                <left>150</left>
                <right>30</right>
                <centertop>52%</centertop>
                <height>40</height>
                <aligny>center</aligny>
                <textcolor>$PARAM[fgcolor]_100</textcolor>
                <selectedcolor>$PARAM[fgcolor]_100</selectedcolor>
                <font>font_tiny_bold</font>
                <label>$INFO[$PARAM[listitem]Label]</label>
                <visible>String.IsEmpty($PARAM[listitem]Title) + !String.IsEmpty($PARAM[listitem]Label)</visible>
            </control>
            <control type="label">
                <animation effect="slide" end="-120" condition="String.IsEmpty($PARAM[listitem]StartTime)">Conditional</animation>
                <left>150</left>
                <right>30</right>
                <centertop>52%</centertop>
                <height>40</height>
                <aligny>center</aligny>
                <textcolor>$PARAM[fgcolor]_100</textcolor>
                <selectedcolor>$PARAM[fgcolor]_100</selectedcolor>
                <font>font_tiny_bold</font>
                <label>$INFO[ListItem.ChannelName]</label>
                <visible>String.IsEmpty($PARAM[listitem]Title) + String.IsEmpty($PARAM[listitem]Label)</visible>
            </control>
        </definition>
    </include>

    <include name="View_PVR_OSD_ItemLayout_Item">
        <param name="mainitem" default="true" />
        <definition>
            <control type="group">
                <top>4</top>
                <right>4</right>
                <control type="image">
                    <texture colordiffuse="$PARAM[panelcolor]" border="10">common/box.png</texture>
                </control>
                <control type="image">
                    <texture colordiffuse="$PARAM[selectstripecolor]">common/selected.png</texture>
                    <aspectratio aligny="top">center</aspectratio>
                    <visible>ListItem.IsPlaying</visible>
                    <visible>$PARAM[mainitem]</visible>
                </control>
            </control>
            <control type="progress">
                <top>4</top>
                <right>4</right>
                <bottom>0</bottom>
                <texturebg>pvr/progressline-back.png</texturebg>
                <lefttexture border="2" colordiffuse="bf777777">pvr/progressline-left2.png</lefttexture>
                <midtexture border="2" colordiffuse="bf777777">pvr/progressline-mid2.png</midtexture>
                <righttexture border="2" colordiffuse="bf777777">pvr/progressline-right2.png</righttexture>
                <info>ListItem.Progress</info>
                <visible>$PARAM[mainitem]</visible>
                <visible>!Integer.IsEqual(ListItem.Progress, 0)</visible>
            </control>
            <control type="label">
                <left>30</left>
                <right>30</right>
                <centertop>35%</centertop>
                <height>40</height>
                <align>left</align>
                <aligny>center</aligny>
                <textcolor>$PARAM[fgcolor]</textcolor>
                <selectedcolor>$PARAM[fgcolor]</selectedcolor>
                <font>font_mainmenu</font>
                <label>$VAR[Label_PVROSD_Title]</label>
            </control>
            <control type="label">
                <left>30</left>
                <right>30</right>
                <align>left</align>
                <centertop>70%</centertop>
                <height>40</height>
                <aligny>center</aligny>
                <textcolor>$PARAM[fgcolor]</textcolor>
                <selectedcolor>$PARAM[fgcolor]</selectedcolor>
                <font>font_statusbar</font>
                <label>$INFO[ListItem.ChannelName]</label>
            </control>
            <control type="label">
                <visible>Skin.HasSetting(PVRGuide.ChannelNumber)</visible>
                <left>30</left>
                <right>30</right>
                <align>right</align>
                <centertop>35%</centertop>
                <height>40</height>
                <textcolor>$PARAM[fgcolor]</textcolor>
                <selectedcolor>$PARAM[fgcolor]</selectedcolor>
                <font>font_small_bold</font>
                <label>$INFO[ListItem.ChannelNumberLabel]</label>
            </control>
            <control type="label">
                <left>30</left>
                <right>30</right>
                <align>right</align>
                <centertop>90%</centertop>
                <height>40</height>
                <aligny>bottom</aligny>
                <textcolor>$PARAM[fgcolor]</textcolor>
                <selectedcolor>$PARAM[fgcolor]</selectedcolor>
                <font>font_statusbar</font>
                <label>$INFO[ListItem.StartTime]$INFO[ListItem.EndTime, - ,]</label>
                <visible>!String.IsEmpty(ListItem.StartTime)</visible>
            </control>
        </definition>
    </include>

    <include name="View_PVR_ItemLayout">
        <param name="fgcolor" default="main_fg" />
        <param name="bgcolor" default="main_bg" />
        <param name="panelcolor" default="main_fg_12" />
        <param name="selectbox" default="false" />
        <definition>
            <control type="group">
                <width>340</width>
                <include content="View_PVR_ChannelLayout">
                    <visible>!$PARAM[selectbox]</visible>
                </include>
                <include content="View_PVR_ChannelLayout">
                    <param name="colordiffuse-bg" value="main_fg_100" />
                    <param name="colordiffuse-playing" value="main_bg_12" />
                    <param name="textcolor" value="Selected" />
                    <param name="font" value="font_tiny_bold" />
                    <param name="icon-fgcolor" value="main_bg" />
                    <param name="icon-bgcolor" value="main_fg" />
                    <param name="selectbox" value="$PARAM[selectbox]" />
                    <visible>$PARAM[selectbox]</visible>
                </include>
            </control>
            <control type="group">
                <left>340</left>
                <visible>!Control.HasFocus(9400)</visible>
                <control type="group">
                    <left>0</left>
                    <left>320</left>
                    <control type="group">
                        <width>710</width>
                        <visible>!$PARAM[selectbox]</visible>
                        <include content="View_PVR_ItemLayout_Item">
                            <param name="panelcolor" value="$PARAM[panelcolor]" />
                            <param name="fgcolor" value="$PARAM[fgcolor]" />
                            <param name="bgcolor" value="$PARAM[bgcolor]" />
                            <param name="selectbox" value="false" />
                        </include>
                    </control>
                    <control type="group">
                        <width>710</width>
                        <visible>$PARAM[selectbox]</visible>
                        <include content="View_PVR_ItemLayout_Item">
                            <param name="panelcolor" value="$PARAM[panelcolor]" />
                            <param name="fgcolor" value="panel_fg" />
                            <param name="bgcolor" value="$PARAM[bgcolor]" />
                            <param name="selectbox" value="true" />
                        </include>
                    </control>
                    <control type="group">
                        <left>710</left>
                        <right>0</right>
                        <include content="View_PVR_ItemLayout_Item">
                            <param name="panelcolor" value="main_fg_12" />
                            <param name="fgcolor" value="main_fg" />
                            <param name="bgcolor" value="main_bg" />
                            <param name="mainitem" value="false" />
                            <param name="listitem" value="ListItem.Next" />
                            <param name="selectbox" value="false" />
                        </include>
                    </control>
                </control>
            </control>
            <control type="group">
                <left>340</left>
                <visible>Control.HasFocus(9400)</visible>
                <control type="group">
                    <left>0</left>
                    <left>320</left>
                    <control type="group">
                        <width>710</width>
                        <include content="View_PVR_ItemLayout_Item">
                            <param name="panelcolor" value="main_fg_12" />
                            <param name="fgcolor" value="main_fg" />
                            <param name="bgcolor" value="main_bg" />
                            <param name="selectbox" value="false" />
                        </include>
                    </control>
                    <control type="group">
                        <left>710</left>
                        <right>0</right>
                        <visible>!$PARAM[selectbox]</visible>
                        <include content="View_PVR_ItemLayout_Item">
                            <param name="panelcolor" value="$PARAM[panelcolor]" />
                            <param name="fgcolor" value="$PARAM[fgcolor]" />
                            <param name="bgcolor" value="$PARAM[bgcolor]" />
                            <param name="mainitem" value="false" />
                            <param name="listitem" value="ListItem.Next" />
                            <param name="selectbox" value="false" />
                        </include>
                    </control>
                    <control type="group">
                        <left>710</left>
                        <right>0</right>
                        <visible>$PARAM[selectbox]</visible>
                        <include content="View_PVR_ItemLayout_Item">
                            <param name="panelcolor" value="$PARAM[panelcolor]" />
                            <param name="fgcolor" value="panel_fg" />
                            <param name="bgcolor" value="$PARAM[bgcolor]" />
                            <param name="mainitem" value="false" />
                            <param name="listitem" value="ListItem.Next" />
                            <param name="selectbox" value="true" />
                        </include>
                    </control>
                </control>
            </control>
        </definition>
    </include>

    <include name="View_PVR_ChannelLayout">
        <param name="colordiffuse-bg" default="main_fg_12" />
        <param name="colordiffuse-playing" default="main_fg_12" />
        <param name="textcolor" default="main_fg_70" />
        <param name="font" default="font_tiny" />
        <param name="selectbox" default="false" />
        <definition>
            <control type="group">
                <nested />
                <control type="group">
                    <left>0</left>
                    <right>4</right>
                    <top>4</top>
                    <control type="image">
                        <texture colordiffuse="$PARAM[colordiffuse-bg]" border="10">common/box.png</texture>
                        <visible>!$PARAM[selectbox]</visible>
                    </control>
                    <control type="image">
                        <texture colordiffuse="$VAR[ColorHighlight]" border="8">common/box.png</texture>
                        <visible>$PARAM[selectbox]</visible>
                    </control>
                    <control type="image">
                        <texture colordiffuse="$VAR[ColorGradient]" border="8">common/box-gradient.png</texture>
                        <visible>$PARAM[selectbox]</visible>
                    </control>
                    <control type="image">
                        <texture colordiffuse="$PARAM[colordiffuse-playing]">common/selected.png</texture>
                        <aspectratio aligny="top">center</aspectratio>
                        <visible>ListItem.IsPlaying</visible>
                    </control>
                    <control type="label">
                        <left>30</left>
                        <right>110</right>
                        <font>$PARAM[font]</font>
                        <textcolor>$PARAM[textcolor]</textcolor>
                        <selectedcolor>$PARAM[textcolor]</selectedcolor>
                        <label>$VAR[Label_PVRGuide_ChannelNumber,,. ]$VAR[Label_PVRGuide_ChannelName]</label>
                    </control>
                </control>
                <include content="Object_PVR_Icon">
                    <param name="fgcolor" value="$PARAM[icon-fgcolor]" />
                    <param name="bgcolor" value="$PARAM[icon-bgcolor]" />
                    <param name="height" value="74" />
                    <param name="font" value="font_statusbar_bold" />
                </include>
            </control>
        </definition>
    </include>

    <include name="View_PVR_EpgGrid">
        <control type="epggrid" id="10" description="EPG">
            <onup>11</onup>
            <ondown>11</ondown>
            <onback condition="Skin.HasSetting(PVRGuide.BackGroups)">11</onback>
            <viewtype label="19069">list</viewtype>
            <include condition="!Skin.HasSetting(PVRGuide.Info)">View_PVR_Guide_ProgressLine_Full</include>
            <include condition="Skin.HasSetting(PVRGuide.Info)">View_PVR_Guide_ProgressLine_Half</include>
            <scrolltime tween="quadratic">300</scrolltime>
            <timeblocks>28</timeblocks>
            <rulerunit>6</rulerunit>
            <pagecontrol>8060</pagecontrol>
            <rulerlayout height="item_list_height" width="521">
                <control type="label" id="2">
                    <bottom>0</bottom>
                    <height>item_list_height_half</height>
                    <width>521</width>
                    <align>left</align>
                    <aligny>top</aligny>
                    <font>font_statusbar</font>
                    <label>$INFO[ListItem.Label]</label>
                    <textcolor>main_fg_70</textcolor>
                </control>
            </rulerlayout>
            <channellayout height="item_list_height" width="340">
                <include>View_PVR_ChannelLayout</include>
            </channellayout>
            <focusedchannellayout height="item_list_height" width="340">
                <include content="View_PVR_ChannelLayout">
                    <visible>!Control.HasFocus(10)</visible>
                </include>
                <include content="View_PVR_ChannelLayout">
                    <param name="colordiffuse-bg" value="$VAR[ColorHighlight]" />
                    <param name="colordiffuse-playing" value="main_bg_12" />
                    <param name="textcolor" value="Selected" />
                    <param name="font" value="font_tiny_bold" />
                    <param name="selectbox" value="true" />
                    <param name="icon-fgcolor" value="main_bg" />
                    <param name="icon-bgcolor" value="main_fg" />
                    <visible>Control.HasFocus(10)</visible>
                </include>
            </focusedchannellayout>
            <itemlayout height="item_list_height" width="521">
                <include content="View_PVR_EpgLayout">
                    <param name="sublabel" value="false" />
                </include>
            </itemlayout>
            <focusedlayout height="item_list_height" width="521">
                <include content="View_PVR_EpgLayout">
                    <param name="sublabel" value="false" />
                    <param name="panelcolor" value="$VAR[ColorHighlight]" />
                    <param name="fgcolor" value="Selected" />
                    <param name="selectbox" value="true" />
                    <param name="visible" value="Control.HasFocus(10)" />
                </include>
                <include content="View_PVR_EpgLayout">
                    <param name="sublabel" value="false" />
                    <param name="visible" value="!Control.HasFocus(10)" />
                </include>
            </focusedlayout>
        </control>
    </include>

    <include name="View_PVR_EpgLayout">
        <param name="fgcolor" default="main_fg_70" />
        <param name="panelcolor" default="main_fg_12" />
        <param name="visible" default="true" />
        <param name="sublabel" default="true" />
        <param name="selectbox" default="false" />
        <definition>
            <control type="image" id="2">
                <left>0</left>
                <width>517</width>
                <top>4</top>
                <texture colordiffuse="$PARAM[panelcolor]" border="10">common/box.png</texture>
                <visible>$PARAM[visible]</visible>
            </control>
            <control type="image" id="2">
                <left>0</left>
                <width>517</width>
                <top>4</top>
                <texture colordiffuse="$VAR[ColorGradient]" border="10">common/box-gradient.png</texture>
                <visible>$PARAM[selectbox]</visible>
                <visible>$PARAM[visible]</visible>
            </control>
            <control type="image" id="2">
                <aspectratio align="right">keep</aspectratio>
                <top>5</top>
                <width>517</width>
                <height>24</height>
                <texture colordiffuse="$PARAM[fgcolor]">indicator/library.png</texture>
                <visible>ListItem.IsPlayable + !ListItem.IsRecording</visible>
                <visible>$PARAM[visible]</visible>
            </control>
            <control type="image" id="2">
                <aspectratio align="right">keep</aspectratio>
                <top>5</top>
                <width>517</width>
                <height>24</height>
                <texture colordiffuse="$PARAM[fgcolor]">indicator/timer.png</texture>
                <visible>ListItem.HasTimer + !ListItem.IsRecording</visible>
                <visible>$PARAM[visible]</visible>
            </control>
            <control type="image" id="2">
                <aspectratio align="right">keep</aspectratio>
                <top>5</top>
                <width>517</width>
                <height>24</height>
                <texture>indicator/record.png</texture>
                <visible>ListItem.IsRecording</visible>
                <visible>$PARAM[visible]</visible>
            </control>
            <control type="label" id="1">
                <left>20</left>
                <width>481</width>
                <aligny>center</aligny>
                <textcolor>$PARAM[fgcolor]</textcolor>
                <textoffsetx>0</textoffsetx>
                <font>font_tiny_bold</font>
                <label>$INFO[ListItem.Label]</label>
                <visible>$PARAM[visible]</visible>
                <visible>!$PARAM[sublabel]</visible>
            </control>
            <control type="label" id="1">
                <left>20</left>
                <width>481</width>
                <centertop>33%</centertop>
                <textcolor>$PARAM[fgcolor]</textcolor>
                <textoffsetx>0</textoffsetx>
                <font>font_tiny_bold</font>
                <label>$INFO[ListItem.Label]</label>
                <visible>$PARAM[visible]</visible>
                <visible>$PARAM[sublabel]</visible>
            </control>
            <control type="label" id="1">
                <left>20</left>
                <width>481</width>
                <centerbottom>33%</centerbottom>
                <textcolor>$PARAM[fgcolor]</textcolor>
                <textoffsetx>0</textoffsetx>
                <font>font_statusbar</font>
                <label>$INFO[ListItem.Genre]</label>
                <visible>!Skin.HasSetting(PVRGuide.StartEnd)</visible>
                <visible>$PARAM[visible]</visible>
                <visible>$PARAM[sublabel]</visible>
            </control>
            <control type="label" id="1">
                <left>20</left>
                <width>481</width>
                <centerbottom>33%</centerbottom>
                <textcolor>$PARAM[fgcolor]</textcolor>
                <textoffsetx>0</textoffsetx>
                <font>font_statusbar</font>
                <label>$INFO[ListItem.StartTime]$INFO[ListItem.EndTime, - ,]</label>
                <visible>Skin.HasSetting(PVRGuide.StartEnd)</visible>
                <visible>$PARAM[visible]</visible>
                <visible>$PARAM[sublabel]</visible>
            </control>
        </definition>
    </include>

    <include name="View_PVR_Guide_Top"><top>320</top></include>

    <include name="View_PVR_Guide_Info">
        <control type="image">
            <top>-25</top>
            <right>4</right>
            <left>1350</left>
            <bordersize>20</bordersize>
            <fadetime>400</fadetime>
            <texture>$INFO[Container(10).ListItem.Icon]</texture>
            <aspectratio aligny="center" align="right">keep</aspectratio>
            <width>300</width>
            <height>300</height>
        </control>
        <control type="grouplist">
            <orientation>vertical</orientation>
            <usecontrolcoords>true</usecontrolcoords>
            <itemgap>0</itemgap>
            <height>275</height>
            <right>520</right>
            <include content="Object_Info_Title">
                <param name="label" value="$VAR[Label_PVRGuide_Title]" />
            </include>
            <include>Object_Info_Line</include>
            <control type="progress">
                <left>pad</left>
                <width>1150</width>
                <height>8</height>
                <reveal>true</reveal>
                <top>6</top>
                <info>ListItem.Progress</info>
                <colordiffuse>Selected</colordiffuse>
                <visible>!String.IsEmpty(ListItem.ChannelName)</visible>
            </control>
            <include content="Object_Info_Title">
                <param name="font" value="font_small_bold" />
                <param name="titleheight" value="10" />
                <param name="label" value="$INFO[ListItem.Genre]" />
                <top>10</top>
                <visible>!Control.HasFocus(9400)</visible>
            </include>
            <include content="Object_Info_Title">
                <param name="font" value="font_small_bold" />
                <param name="titleheight" value="10" />
                <param name="label" value="$INFO[ListItem.NextGenre]" />
                <top>10</top>
                <visible>Control.HasFocus(9400)</visible>
            </include>
            <include content="Object_Info_Plot">
                <param name="height" value="120" />
                <visible>!Control.HasFocus(9400)</visible>
            </include>
            <include content="Object_Info_Plot">
                <param name="height" value="120" />
                <param name="label" value="$INFO[ListItem.NextPlot]" />
                <visible>Control.HasFocus(9400)</visible>
            </include>
        </control>
    </include>

    <include name="View_PVR_Guide_ProgressLine_Full">
        <progresstexture border="5" colordiffuse="bf777777">pvr/progressline-full.png</progresstexture>
    </include>

    <include name="View_PVR_Guide_ProgressLine_Half">
        <progresstexture border="5" colordiffuse="bf777777">pvr/progressline-half.png</progresstexture>
    </include>

    <include name="View_PVR_Channels">
        <onup>11</onup>
        <ondown>11</ondown>
        <onleft>SetProperty(Refocus,Left)</onleft>
        <onleft>11</onleft>
        <onright>9400</onright>
        <orientation>vertical</orientation>
    </include>
</includes>

