<?xml version="1.0" encoding="UTF-8"?>
<window>
    <defaultcontrol always="true">3012</defaultcontrol>
    <onload>Dialog.Close(fullscreeninfo,true)</onload>
    <onload>Dialog.Close(videoosd,true)</onload>
    <controls>
        <control type="group">
                        <animation type="WindowOpen" reversible="false">
                <effect type="fade" start="0" end="100" time="400" />
                <effect type="slide" start="0,-80" end="0,0" time="400"/>
            </animation>
            <animation type="WindowClose" reversible="false">
                <effect type="fade" start="100" end="0" time="400" />
                <effect type="slide" start="0,0" end="0,-80" time="400" />
            </animation>
                <top>70</top>
                <height>80</height>
                <width>700</width>
                <centerleft>50%</centerleft>
                <control type="image">
                    <height>70</height>
                    <top>-70</top>                
                    <width>700</width>
                    <centerleft>50%</centerleft>
                    <texture colordiffuse="dialog_bg_100" border="20">common/dialog2.png</texture>
                </control>
                <control type="progress" id="3014">
                    <top>-60</top>
                    <left>120</left>
                    <right>40</right>
                    <height>8</height>
                </control>
                <control type="label">
                    <top>-50</top>
                    <left>120</left>
                    <aligny>center</aligny>
                    <height>40</height>
                    <label>[COLOR=panel_fg_100]$LOCALIZE[31129] [/COLOR]$INFO[Window.Property(remaining)][COLOR=panel_fg_100] [LOWERCASE]$LOCALIZE[31130][/LOWERCASE]...[/COLOR]</label>
                    <textcolor>$VAR[ColorHighlight]</textcolor>
                    <font>font_mini_black</font>
                </control>
            <control type="grouplist">
                    <height>60</height>
                    <top>-60</top>
                    <orientation>horizontal</orientation>
                    <itemgap>10</itemgap>
                    <left>10</left>
                    <!-- <control type="button" id="3012">
                            <label>       $ADDON[service.upnext 30006]</label>
                            <height>56</height>
                            <width min="50">auto</width>
                            <font>font20_title</font>
                            <textoffsetx>15</textoffsetx>
                            <textcolor>DDFFFFFF</textcolor>
                            <shadowcolor>FF000000</shadowcolor>
                            <aligny>center</aligny>
                            <align>center</align>
                            <texturefocus border="10" colordiffuse="$INFO[Window.Property(accent_colour)]">button.png</texturefocus>
                            <texturenofocus border="10" colordiffuse="FF212121">button.png</texturenofocus>
                            <pulseonselect>no</pulseonselect>
                        </control> -->
                    <include content="OSD_Button">
                        <param name="icon" value="special://skin/extras/icons/play2.png" />
                        <param name="visible" value="true" />
                        <param name="id" value="3012" />
                        <param name="groupid" value="5013" />
                        <param name="size" value="40" />
                        <param name="itemgap" value="10" />
                    </include>
                        <!--<control type="button" id="3013">
                            <label>$INFO[Window.Property(stop_close_label)]</label>
                            <height>56</height>
                            <width min="50">auto</width>
                            <font>font20_title</font>
                            <textoffsetx>15</textoffsetx>
                            <textcolor>DDFFFFFF</textcolor>
                            <shadowcolor>FF000000</shadowcolor>
                            <aligny>center</aligny>
                            <align>center</align>
                            <texturefocus border="10" colordiffuse="$INFO[Window.Property(accent_colour)]">button.png</texturefocus>
                            <texturenofocus border="10" colordiffuse="FF212121">button.png</texturenofocus>
                            <pulseonselect>no</pulseonselect>
                        </control> -->
                     
                    <include content="OSD_Button">
                        <param name="icon" value="special://skin/extras/icons/xmark.png" />
                        <param name="visible" value="true" />
                        <param name="id" value="3013" />
                        <param name="groupid" value="5013" />
                        <param name="size" value="40" />
                        <param name="itemgap" value="10" />
                    </include>
                </control>
        </control>
        <include content="Object_Hidden_Button">
            <param name="id" value="3013" />
        </include>
    </controls>
</window>
