<?xml version="1.0" encoding="UTF-8"?>
<window id="11112">
	<defaultcontrol>10070</defaultcontrol>
	<animation type="WindowOpen" reversible="false">
		<effect type="zoom" start="130" end="100" center="auto" time="300" tween="back" easing="out" />
		<effect type="fade" start="0" end="100" time="300" />
	</animation>
	<animation type="WindowClose" reversible="false">
		<effect type="fade" start="100" end="0" time="300" />
		<effect type="zoom" start="100" end="120" center="auto" time="300" tween="back" easing="in" />
	</animation>
	<controls>
		<control type="group" id="10072">
			<width>600</width>
			<control type="image">
				<left>0</left>
				<width>600</width>
				<height>75</height>
				<texture>dialogs_button.png</texture>
				<colordiffuse>$INFO[skin.string(texture_color_base)]</colordiffuse>
			</control>
			<control type="image">
			    <top>65</top>
				<left>0</left>
				<width>600</width>
				<height>50</height>
				<texture>gradient_focus.png</texture>
				<colordiffuse>$INFO[skin.string(header_color)]</colordiffuse>
			</control>
			<control type="label" id="10071">
				<left>0</left>
				<width>600</width>
				<height>75</height>
				<align>center</align>
				<label></label>
				<font>font_header</font>
			</control>	
			<control type="panel" id="10070">
				<top>95</top>
				<onleft>10070</onleft>
				<onright>10070</onright>
				<onup>10070</onup>
				<ondown>10070</ondown>
				<orientation>vertical</orientation>
				<itemlayout height="45" width="600">
					<control type="image">
						<left>0</left>
						<width>600</width>
						<height>45</height>
						<texture colordiffuse="$INFO[skin.string(texture_color_base)]">dialogs_button.png</texture>
					</control>
					<control type="label">
						<width>600</width>
						<height>45</height>
						<left>0</left>
						<align>center</align>
						<font>font_button</font>
						<textcolor>$INFO[skin.string(label_color_highlight)]</textcolor>
						<scroll>false</scroll>	
						<label>$INFO[ListItem.Label]</label>
					</control>
				</itemlayout>
				<focusedlayout height="45">
					<control type="image">
						<left>0</left>
						<width>600</width>
						<height>45</height>
						<texture colordiffuse="$INFO[skin.string(texture_color_highlight)]">dialogs_button.png</texture>
					</control>
					<control type="label">
						<left>0</left>
						<width>600</width>
						<height>45</height>
						<align>center</align>
						<font>font_button</font>
						<textcolor>$INFO[skin.string(label_color_base)]</textcolor>
						<scroll>false</scroll>	
						<label>$INFO[ListItem.Label]</label>
					</control>
				</focusedlayout>
			</control>
		</control>
	</controls>
</window>
