<?xml version="1.0" encoding="UTF-8"?>
<addon id="plugin.video.favourites" version="0.1.1" name="Video Favourites" provider-name="primaeval">
    <requires>
        <import addon="xbmc.python" version="3.0.0"/>
        <import addon="script.module.xbmcswift2" version="2.4.0"/>
        <import addon="script.module.requests" version="2.9.1"/>
    </requires>
    <extension point="xbmc.python.pluginsource" library="main.py">
        <provides>video</provides>
    </extension>
    <extension point="xbmc.addon.metadata">
        <summary lang="en">Video Favourites</summary>
        <description lang="en"/>
        <disclaimer lang="en"/>
    </extension>
    <extension point="kodi.context.item">
        <menu id="kodi.core.main">

            <item library="add_item_context.py">
                <label>Add to video favorites</label>
                <visible>true</visible>
            </item>

        </menu>
    </extension>
</addon>

