<?xml version="1.0" encoding="UTF-8"?>
<includes>

    <include name="OSD_Episodes_Layout">
        <param name="selected">false</param>
        <param name="diffuse">diffuse/landscape_w356_h200.png</param>
        <param name="icon">$VAR[Image_Landscape]</param>
        <param name="misc">0</param>
        <definition>
            <control type="group">
                <nested />
                <width>$PARAM[item_w]</width>
                <height>$PARAM[item_h]</height>
                <include content="Object_Control">
                    <param name="control" value="group" />
                    <include content="Object_ItemBack">
                        <param name="selected" value="$PARAM[selected]" />
                        <param name="shadow_colordiffuse" value="$PARAM[shadow_colordiffuse]" />
                    </include>
                    <include content="Object_Control" condition="$PARAM[selected] + Skin.HasSetting(Widgets.OpaqueFocus)">
                        <param name="control">image</param>
                        <texture colordiffuse="$VAR[ColorMainItem]" diffuse="$PARAM[diffuse]">common/white.png</texture>
                    </include>
                    <control type="image">
                        <texture background="true" diffuse="$PARAM[diffuse]">$PARAM[icon]</texture>
                        <aspectratio scalediffuse="false">keep</aspectratio>
                        <visible>$EXP[Exp_IsPVRItem] + String.IsEmpty(ListItem.EPGEventIcon)</visible>
                        <bordersize>grid_x04</bordersize>
                    </control>
                    <control type="image">
                        <texture background="true" diffuse="$PARAM[diffuse]">$PARAM[icon]</texture>
                        <aspectratio scalediffuse="false">scale</aspectratio>
                        <visible>!$EXP[Exp_IsPVRItem] | !String.IsEmpty(ListItem.EPGEventIcon)</visible>
                    </control>
                </include>
                <control type="image">
                    <texture border="12" colordiffuse="bbffffff">diffuse/poster_fade.png</texture>
                </control>
                <control type="label">
                    <font>font_tiny_bold</font>
                    <textcolor>panel_fg_90</textcolor>
                    <label>$VAR[Label_OSD_EpisodeLabel3]</label>
                    <shadowcolor>shadow_hard</shadowcolor>
                    <height>20</height>
                    <top>20</top>
                    <textoffsetx>20</textoffsetx>
                    <selectedcolor>panel_fg_90</selectedcolor>
                </control>
                <control type="label">
                    <font>font_tiny_bold</font>
                    <textcolor>panel_fg_90</textcolor>
                    <label>$VAR[Label_OSD_EpisodeLabel]</label>
                    <height>20</height>
                    <bottom>50</bottom>
                    <textoffsetx>20</textoffsetx>
                    <selectedcolor>panel_fg_90</selectedcolor>
                </control>
                <control type="label">
                    <font>font_tiny</font>
                    <textcolor>panel_fg_70</textcolor>
                    <label>$VAR[Label_OSD_EpisodeLabel2]</label>
                    <height>20</height>
                    <bottom>20</bottom>
                    <textoffsetx>20</textoffsetx>
                    <selectedcolor>panel_fg_90</selectedcolor>
                </control>
                <control type="progress">
                    <texturebg>pvr/progress-episode-b.png</texturebg>
                    <lefttexture colordiffuse="panel_fg_30">pvr/progress-episode-l.png</lefttexture>
                    <midtexture colordiffuse="panel_fg_30">pvr/progress-episode-m.png</midtexture>
                    <righttexture colordiffuse="panel_fg_30">pvr/progress-episode-r.png</righttexture>
                    <info>ListItem.Progress</info>
                    <visible>Integer.IsGreater(ListItem.Progress,1)</visible>
                </control>
                <control type="image">
                    <right>10</right>
                    <top>10</top>
                    <width>32</width>
                    <height>32</height>
                    <visible>ListItem.IsPlaying | Window.IsVisible(pvrchannelguide)</visible>
                    <visible>Integer.IsGreater(ListItem.Progress,1) + Integer.IsLess(ListItem.Progress,99)</visible>
                    <texture>indicator/playwhite.png</texture>
                    <animation effect="fade" start="0" end="100" delay="400" time="200">Visible</animation>
                </control>
                <include content="Object_Control" condition="!$PARAM[selected] + Skin.HasSetting(Glass.BorderOutline)">
                    <param name="control" value="image" />
                    <texture colordiffuse="overlay_line" border="12">common/box-outline.png</texture>
                </include>
                <include content="Object_SelectBox" condition="$PARAM[selected]">
                    <param name="indicator" value="false" />
                    <param name="focusbounce" value="true" />
                </include>
            </control>
        </definition>
    </include>

    <include name="OSD_Episodes_Arrows">
        <control type="group">
            <nested />
            <height>200</height>
            <top>0</top>
            <width>1148</width>
            <control type="image">
                <centerleft>-40</centerleft>
                <centertop>50%</centertop>
                <width>16</width>
                <height>16</height>
                <texture flipx="true" colordiffuse="panel_fg_70">arrows/arrow-small-right.png</texture>
                <visible>Container($PARAM[id]).HasPrevious</visible>
            </control>
            <control type="image">
                <centerright>-40</centerright>
                <centertop>50%</centertop>
                <width>16</width>
                <height>16</height>
                <texture flipx="false" colordiffuse="panel_fg_70">arrows/arrow-small-right.png</texture>
                <visible>Container($PARAM[id]).HasNext</visible>
            </control>
        </control>
    </include>

    <include name="OSD_Episodes_Info_Group">
        <param name="label">$VAR[Label_OSD_Episodes_Title]</param>
        <definition>
            <control type="grouplist">
                <top>310</top>
                <orientation>horizontal</orientation>
                <itemgap>30</itemgap>
                <width>1380</width>
                <height>grid_x08</height>
                <nested />
            </control>
            <control type="label">
                <top>270</top>
                <width>1080</width>
                <label>$PARAM[label]</label>
                <font>font_mini_black</font>
                <textcolor>panel_fg_100</textcolor>
                <height>20</height>
                <aligny>center</aligny>
            </control>
        </definition>
    </include>

    <include name="OSD_Episodes_Info_Basic">
        <param name="icon">$VAR[Image_OSD_Episodes]</param>
        <param name="label">[COLOR=panel_fg_100][B]$INFO[Container(6401).ListItem.Season,S,]$INFO[Container(6401).ListItem.Episode,E, ]$INFO[Container(6401).ListItem.Title,, ~ ][/B][/COLOR]$INFO[Container(6401).ListItem.Plot]</param>
        <definition>
            <control type="group">
                <height>grid_x06</height>
                <width>grid_x06</width>
                <control type="image">
                    <bordersize>2</bordersize>
                    <bordertexture colordiffuse="panel_fg_100">common/circle.png</bordertexture>
                    <texture colordiffuse="panel_bg">common/circle.png</texture>
                </control>
                <control type="image">
                    <bordersize>2</bordersize>
                    <include content="Object_AspectRatio" condition="VideoPlayer.Content(livetv)">
                        <param name="scalediffuse">false</param>
                        <param name="aspectratio">keep</param>
                    </include>
                    <include content="Object_AspectRatio" condition="!VideoPlayer.Content(livetv)">
                        <param name="scalediffuse">false</param>
                        <param name="aspectratio">scale</param>
                    </include>
                    <texture diffuse="common/circle.png" colordiffuse="panel_fg_100">$PARAM[icon]</texture>
                </control>
            </control>
            <control type="textbox">
                <left>-10</left>
                <top>-3</top>
                <width>1080</width>
                <label>$PARAM[label]</label>
                <font>font_mini</font>
                <textcolor>panel_fg_70</textcolor>
                <height>65</height>
            </control>
        </definition>
    </include>

</includes>
