<?xml version="1.0" encoding="UTF-8"?>
<window>
	<defaultcontrol always="true">11</defaultcontrol>
	<controls>
		<control type="group">
			<animation effect="fade" start="0" end="100" time="300" easing="out">WindowOpen</animation>
			<animation effect="fade" start="100" end="0" time="300" easing="in">WindowClose</animation>
			<visible>!Window.IsActive(fullscreeninfo) + !Window.IsActive(visualisation)</visible>
			<left>60</left>
			<top>47.5</top>
			<control type="image">
				<width>1800</width>
				<height>985</height>
				<texture border="40,100,40,100" colordiffuse="CCFFFFFF">dialog_back.png</texture>
			</control>
			<control type="image">
				<left>44</left>
				<top>33</top>
				<width>24</width>
				<height>24</height>
				<aspectratio>keep</aspectratio>
				<texture flipx="true" colordiffuse="white">arrowright.png</texture>
			</control>
			<control type="image">
				<left>64</left>
				<top>33</top>
				<width>24</width>
				<height>24</height>
				<aspectratio>keep</aspectratio>
				<texture colordiffuse="white">arrowright.png</texture>
			</control>
			<control type="label">
				<left>112</left>
				<top>30</top>
				<width>885</width>
				<height>30</height>
				<label>$INFO[VideoPlayer.ChannelGroup,$LOCALIZE[31501] - ,]</label>
			</control>
			<control type="label">
				<top>30</top>
				<left>1220</left>
				<height>30</height>
				<width>550</width>
				<align>right</align>
				<label>$INFO[System.Date]$INFO[System.Time,[COLOR grey] | ,[/COLOR]]</label>
			</control>
			<control type="group">
				<left>30</left>
				<top>72</top>
				<control type="list" id="11">
					<width>970</width>
					<height>840</height>
					<onleft>PreviousChannelGroup</onleft>
					<onright>NextChannelGroup</onright>
					<onup>11</onup>
					<ondown>11</ondown>
					<pagecontrol>80</pagecontrol>
					<scrolltime tween="quadratic">200</scrolltime>
					<itemlayout height="60" width="970">
						<control type="label">
							<width>70</width>
							<height>60</height>
							<align>right</align>
							<font>font14_bold</font>
							<label>$INFO[ListItem.ChannelNumberLabel]</label>
						</control>
						<control type="progress">
							<left>85</left>
							<top>23</top>
							<width>80</width>
							<height>12</height>
							<info>ListItem.Progress</info>
							<texturebg colordiffuse="$VAR[ThemeLabelColor]" border="3">new_pvr/texturebg_border_white.png</texturebg>
							<midtexture colordiffuse="$VAR[ThemeLabelColor]" border="3">new_pvr/texturebg_white.png</midtexture>
						</control>
						<control type="label">
							<left>180</left>
							<textcolor>$VAR[ThemeLabelColor]</textcolor>
							<font>font14_textbox</font>
							<width>690</width>
							<height>60</height>
							<label>[B][COLOR white]$INFO[ListItem.Label][/COLOR][/B]$INFO[ListItem.Title,  ]</label>
						</control>
						<control type="image">
							<left>930</left>
							<top>6</top>
							<width>48</width>
							<height>48</height>
							<texture>$VAR[PVRChannelStatusIcon]</texture>
							<animation effect="fade" start="100" end="40" time="2000" pulse="true" condition="ListItem.IsRecording">Conditional</animation>
						</control>
						<control type="image">
							<left>885</left>
							<top>5</top>
							<width>80</width>
							<height>50</height>
							<aspectratio>keep</aspectratio>
							<texture background="true">$INFO[ListItem.Icon]</texture>
							<animation effect="slide" start="0" end="-18" time="0" tween="sine" easing="in" condition="[ListItem.HasTimer | ListItem.IsRecording | ListItem.IsRecording | ListItem.HasArchive]">Conditional</animation>
						</control>
					</itemlayout>
					<focusedlayout height="60" width="970">
						<control type="image">
							<left>1</left>
							<width>970</width>
							<height>60</height>
							<texture colordiffuse="$VAR[HighlightBarColor]" border="4">listselect_fo.png</texture>
						</control>
						<control type="label">
							<width>70</width>
							<height>60</height>
							<align>right</align>
							<selectedcolor>white</selectedcolor>
							<font>font14_textbox</font>
							<label>[B]$INFO[ListItem.ChannelNumberLabel][/B]</label>
						</control>
						<control type="progress">
							<left>85</left>
							<top>23</top>
							<width>80</width>
							<height>12</height>
							<info>ListItem.Progress</info>
							<texturebg colordiffuse="$VAR[ThemeLabelColor]" border="3">new_pvr/texturebg_border_white.png</texturebg>
							<midtexture colordiffuse="$VAR[ThemeLabelColor]" border="3">new_pvr/texturebg_white.png</midtexture>
						</control>
						<control type="label">
							<left>180</left>
							<selectedcolor>white</selectedcolor>
							<font>font14_textbox</font>
							<width>690</width>
							<height>60</height>
							<label>[B]$INFO[ListItem.Label][/B]$INFO[ListItem.Title,  ]</label>
						</control>
						<control type="image">
							<left>930</left>
							<top>6</top>
							<width>48</width>
							<height>48</height>
							<texture>$VAR[PVRChannelStatusIcon]</texture>
							<animation effect="fade" start="100" end="40" time="2000" pulse="true" condition="ListItem.IsRecording">Conditional</animation>
						</control>
						<control type="image">
							<left>885</left>
							<top>5</top>
							<width>80</width>
							<height>50</height>
							<aspectratio>keep</aspectratio>
							<texture background="true">$INFO[ListItem.Icon]</texture>
							<animation effect="slide" start="0" end="-18" time="0" tween="sine" easing="in" condition="[ListItem.HasTimer | ListItem.IsRecording | ListItem.HasArchive]">Conditional</animation>
						</control>
					</focusedlayout>
				</control>
			</control>
			<control type="group">
				<left>1040</left>
				<top>62</top>
				<control type="group">
					<height>890</height>
					<control type="label">
						<top>10</top>
						<height>60</height>
						<width>710</width>
						<font>font52_bold</font>
						<textcolor>white</textcolor>
						<label>$INFO[Container(11).ListItem.Title]</label>
					</control>
					<control type="image">
						<top>80</top>
						<left>5</left>
						<height>100</height>
						<width>210</width>
						<aspectratio>keep</aspectratio>
						<texture background="true">$INFO[Container(11).ListItem.Icon]</texture>
					</control>
					<control type="group">
						<top>108</top>
						<left>230</left>
						<height>70</height>
						<control type="progress">
							<width>460</width>
							<height>16</height>
							<info>Container(11).ListItem.Progress</info>
							<texturebg colordiffuse="$VAR[ThemeLabelColor]" border="3">new_pvr/texturebg_border_white.png</texturebg>
							<midtexture colordiffuse="$VAR[ThemeLabelColor]" border="3">new_pvr/texturebg_white.png</midtexture>
						</control>
						<control type="label">
							<top>10</top>
							<height>50</height>
							<width>230</width>
							<font>font28_bold</font>
							<textcolor>grey</textcolor>
							<label>$INFO[Container(11).ListItem.StartTime]</label>
						</control>
						<control type="label">
							<top>10</top>
							<height>50</height>
							<left>230</left>
							<width>230</width>
							<font>font28_bold</font>
							<textcolor>grey</textcolor>
							<align>right</align>
							<label>$INFO[Container(11).ListItem.EndTime]</label>
						</control>
					</control>
					<control type="label">
						<top>180</top>
						<height>40</height>
						<width>720</width>
						<font>font16</font>
						<aligny>top</aligny>
						<textcolor>$VAR[ThemeLabelColor]</textcolor>
						<label>$INFO[Container(11).ListItem.Label]</label>
						<scroll>true</scroll>
					</control>
					<control type="label">
						<top>225</top>
						<height>40</height>
						<width>720</width>
						<font>font15_bold</font>
						<aligny>top</aligny>
						<label>$VAR[EpisodeCountVar,, - ]$INFO[Container(11).ListItem.EpisodeName]</label>
						<scroll>true</scroll>
						<visible>!String.IsEmpty(Container(11).ListItem.EpisodeName) + !String.IsEqual(Container(11).ListItem.EpisodeName,Container(11).ListItem.Plot)</visible>
					</control>
					<control type="textbox">
						<top>275</top>
						<width>700</width>
						<height>450</height>
						<font>font14_textbox</font>
						<textcolor>grey</textcolor>
						<label>$INFO[Container(11).ListItem.Plot]</label>
						<autoscroll delay="7000" time="3000" repeat="8000">true</autoscroll>
					</control>
					<!-- Genre label -->
					<control type="label">
						<top>725</top>
						<height>40</height>
						<width>715</width>
						<textcolor>$VAR[ThemeLabelColor]</textcolor>
						<label>$INFO[Container(11).ListItem.Genre,$LOCALIZE[515]: [COLOR grey],[/COLOR]]</label>
					</control>
					<control type="image">
						<top>768</top>
						<width>715</width>
						<height>2</height>
						<texture>separator_horizontal.png</texture>
						<colordiffuse>grey3</colordiffuse>
					</control>
					<control type="label">
						<top>778</top>
						<height>30</height>
						<width>700</width>
						<textcolor>$VAR[ThemeLabelColor]</textcolor>
						<label>$INFO[Container(11).ListItem.NextTitle,$LOCALIZE[19031]: [COLOR grey],[/COLOR]]</label>
					</control>
					<control type="label">
						<visible>!String.IsEmpty(Container(11).ListItem.NextTitle)</visible>
						<top>815</top>
						<height>30</height>
						<width>520</width>
						<textcolor>grey</textcolor>
						<label>$INFO[Container(11).ListItem.NextStartTime]$INFO[Container(11).ListItem.NextEndTime, - ]</label>
					</control>
				</control>
			</control>
			<control type="image">
				<left>1001</left>
				<top>72</top>
				<width>3</width>
				<height>840</height>
				<texture colordiffuse="65ffffff">separator3.png</texture>
			</control>
			<control type="scrollbar" id="80">
				<left>1002</left>
				<top>72</top>
				<width>12</width>
				<height>840</height>
				<texturesliderbackground colordiffuse="1AFFFFFF">colors/white50.png</texturesliderbackground>
				<texturesliderbar colordiffuse="1AFFFFFF">colors/white.png</texturesliderbar>
				<texturesliderbarfocus colordiffuse="$VAR[ThemeLabelColor]">colors/white.png</texturesliderbarfocus>
				<showonepage>false</showonepage>
			</control>
			<control type="image">
				<left>1012</left>
				<top>72</top>
				<width>3</width>
				<height>840</height>
				<texture flipx="true" colordiffuse="65ffffff">separator3.png</texture>
			</control>
			<control type="label">
				<left>30</left>
				<top>890</top>
				<height>100</height>
				<width>900</width>
				<font>font24_bold</font>
				<label>$LOCALIZE[19019]: $INFO[Container(11).NumItems]$INFO[Container(11).CurrentPage,        ,]$INFO[Container(11).NumPages, / ,]</label>
			</control>
		</control>
		<control type="label">
			<left>60</left>
			<top>60</top>
			<width>915</width>
			<height>60</height>
			<label>$INFO[PVR.ChannelNumberInput]</label>
			<font>font_MainMenu</font>
			<shadowcolor>black</shadowcolor>
			<visible>!String.IsEmpty(PVR.ChannelNumberInput)</visible>
		</control>
	</controls>
</window>
