<?xml version="1.0" encoding="UTF-8"?>
<window>
    <zorder>0</zorder>
    <visible>!Player.HasGame</visible>
    <visible>!Window.IsActive(DialogPlayerProcessInfo.xml)</visible>
    <visible>Window.IsActive(VideoFullScreen.xml) | Window.IsActive(MusicVisualisation.xml)</visible>
    <visible>Window.IsActive(videoosd) | Window.IsActive(musicosd) | Player.Caching | Player.ShowInfo | Player.Seeking | Player.DisplayAfterSeek | [Player.Paused + [!System.IdleTime(3) | !Skin.HasSetting(OSD.AutoHideOnPause)]] | Player.Forwarding | Player.Rewinding | Window.IsActive(DialogFullScreenInfo.xml) | !String.IsEmpty(Window(Home).Property(OSDInfo)) | !String.IsEmpty(Player.SeekNumeric) | !String.IsEmpty(PVR.ChannelNumberInput) | Window.IsVisible(script-cu-lrclyrics-main.xml)</visible>
    <visible>!Window.IsVisible(DialogSlider.xml)</visible>
    <visible>!Window.IsVisible(DialogPVRChannelsOSD.xml)</visible>
    <visible>!Window.IsVisible(script-tmdbhelper-wikipedia.xml)</visible>
    <include>Animation_Fullscreen_Media</include>

    <onload condition="Player.Paused + !String.IsEmpty(Window(Home).Property(OSDExtendedInfo))">PlayerControl(Play)</onload>
    <onload condition="Player.Paused + !String.IsEmpty(Window(Home).Property(OSDExtendedInfo))">ClearProperty(OSDExtendedInfo,Home)</onload>
    <controls>

        <control type="image">
            <texture colordiffuse="7f000000">common/white.png</texture>
            <visible>[!String.IsEmpty(Window(Home).Property(OSDArtistDetails)) + !Window.IsVisible(1142)] | Window.IsVisible(script-cu-lrclyrics-main.xml)</visible>
            <include>Animation_FadeIn_Delay</include>
            <include>Animation_FadeOut</include>
        </control>

        <control type="image">
            <texture colordiffuse="panel_bg">background/floor.png</texture>
            <visible>$EXP[Exp_OSD_ExpandInfo]</visible>
            <include>Animation_FadeIn_Delay</include>
            <include>Animation_FadeOut</include>
        </control>

        <control type="image">
            <texture colordiffuse="panel_bg">background/floor.png</texture>
            <visible>!$EXP[Exp_OSD_PVRChannelSwitch]</visible>
            <animation effect="fade" start="0" end="100" delay="300" time="300">VisibleChange</animation>
        </control>

        <include condition="VideoPlayer.Content(livetv)">OSD_PVRChannelSwitch</include>

        <!-- Video Seekbar -->
        <include condition="VideoPlayer.IsFullscreen">OSD_VideoSeekBar</include>


        <!-- Music Seekbar -->
        <include condition="!VideoPlayer.IsFullscreen">OSD_MusicSeekBar</include>

        <!-- Clock -->
        <include content="Object_ShadowSpot" condition="!Skin.HasSetting(Furniture.DisableRightHeader)">
            <include>Dimension_ClockShadow</include>
        </include>
        <include content="Furniture_Top_Right">
            <param name="icon">$VAR[Image_MuteBug_Seekbar]</param>
        </include>

        <!-- Top Label Lyrics -->
        <control type="group">
            <visible>Window.IsVisible(script-cu-lrclyrics-main.xml) | [!String.IsEmpty(Window(Home).Property(OSDArtistDetails)) + !Window.IsVisible(1142)]</visible>
            <include>Animation_FadeIn_Delay</include>
            <include>Animation_FadeOut</include>
            <include content="Furniture_Top_Left">
                <param name="label">$LOCALIZE[31244]</param>
            </include>
        </control>

    </controls>
</window>
