<?xml version="1.0" encoding="UTF-8"?>
<addon id="skin.aeon.nox.silvo.notoco" version="2021.01.16.0" name="Aeon Nox: SiLVO - mod NOTOCO" provider-name="SiLVO">
	<requires>
		<import addon="xbmc.gui" version="5.15.0" />
		<import addon="script.skinshortcuts" version="1.0.10" />
		<import addon="service.library.data.provider" version="0.0.7" />
		<import addon="resource.images.studios.white" version="0.0.1" />
		<import addon="resource.images.recordlabels.white" version="0.0.1" />
	</requires>
	<extension point="xbmc.gui.skin" debugging="false">
		<res width="1920" height="1080" aspect="16:9" default="true" folder="16x9" />
	</extension>
	<extension point="xbmc.addon.metadata">
		<summary lang="en_GB">Created by BigNoid, Modded by SiLVO and then by notoco, and Widgets by Mr. V</summary>
		<summary lang="pl_PL">Stworzona przez BigNoid, zmodyfikowana przez SiLVO a następnie przez notco, a gadżety autorstwa Mr. V</summary>
		<description lang="en_GB">Completely redesigned to create a modern look, while retaining the classic Aeon feel.</description>
		<description lang="pl_PL">Całkowicie przeprojektowana skóra Aeon, o nowoczesnym wyglądzie, zachowując klasyczny układ skóry Aeon.</description>
		<platform>all</platform>
		<license>CC BY-NC-SA 4.0</license>
		<forum>https://forum.kodi.tv/showthread.php?tid=210069</forum>
		<website>https://github.com/mikesilvo164/Aeon-Nox-SiLVO</website>
		<source>https://github.com/mikesilvo164/Aeon-Nox-SiLVO</source>
		<assets>
			<icon>resources/icon.png</icon>
			<fanart>resources/fanart.jpg</fanart>
			<screenshot>resources/screenshots/screenshot-01.jpg</screenshot>
			<screenshot>resources/screenshots/screenshot-02.jpg</screenshot>
			<screenshot>resources/screenshots/screenshot-03.jpg</screenshot>
			<screenshot>resources/screenshots/screenshot-04.jpg</screenshot>
			<screenshot>resources/screenshots/screenshot-05.jpg</screenshot>
			<screenshot>resources/screenshots/screenshot-06.jpg</screenshot>
			<screenshot>resources/screenshots/screenshot-07.jpg</screenshot>
			<screenshot>resources/screenshots/screenshot-08.jpg</screenshot>
			<screenshot>resources/screenshots/screenshot-09.jpg</screenshot>
			<screenshot>resources/screenshots/screenshot-10.jpg</screenshot>
			<screenshot>resources/screenshots/screenshot-11.jpg</screenshot>
			<screenshot>resources/screenshots/screenshot-12.jpg</screenshot>
		</assets>
		<news>[I][COLOR FFFF9800]v7.0.9[/COLOR][/I][CR]- Add music playlist contents for List view[CR]- Fix CinemaVision causing focus issue[CR]- Add Artist Slideshow 3.0 support[CR][CR][B]All updates may contain various changes and/or improvements[/B][CR]For a more complete list visit:[CR][I][COLOR FFFF9800]https://github.com/mikesilvo164/Aeon-Nox-SiLVO/commits/master[/COLOR][/I]</news>
	</extension>
</addon>
