<?xml version="1.0" encoding="UTF-8"?>
<!-- Foundation -->
<window id="107">
    <controls>
        <control type="group">
            <visible>!Window.IsVisible(Startup.xml)</visible>
            <visible>!Window.IsVisible(DialogBusy.xml)</visible>
            <control type="group">
                <visible>!Window.IsVisible(fullscreenvideo) + !Window.IsVisible(visualisation)</visible>
                <visible>!Window.IsVisible(Home.xml) | Skin.HasSetting(HomeMulti) | Window.IsVisible(DialogVideoInfo.xml) | Window.IsVisible(DialogMusicInfo.xml) | Window.IsVisible(DialogAddonInfo.xml) | Control.HasFocus(5610) | String.IsEqual(Window(Home).Property(WidgetFocus),5610)</visible>
                <include content="Dialog_Notification_Group" condition="![Window.IsVisible(SkinSettings.xml) | Window.IsVisible(SettingsCategory.xml) | Window.IsVisible(SettingsProfile.xml) | Window.IsVisible(SettingsSystemInfo.xml)]">
                    <param name="main_id" value="9401" />
                    <param name="sub_id" value="9402" />
                    <param name="label" value="$INFO[Control.GetLabel(401)]" />
                    <param name="label2" value="$INFO[Control.GetLabel(402)]" />
                </include>
                <include content="Dialog_Notification_Group" condition="[Window.IsVisible(SkinSettings.xml) | Window.IsVisible(SettingsCategory.xml) | Window.IsVisible(SettingsProfile.xml) | Window.IsVisible(SettingsSystemInfo.xml)]">
                    <param name="main_id" value="9401" />
                    <param name="sub_id" value="9402" />
                    <param name="label" value="$INFO[Control.GetLabel(401)]" />
                    <param name="label2" value="$INFO[Control.GetLabel(402)]" />
                    <param name="fgcolor" value="panel_fg" />
                </include>
            </control>

            <control type="group">
                <visible>!Window.IsVisible(Home.xml) | [!Skin.HasSetting(HomeMulti) + ![Window.IsVisible(DialogVideoInfo.xml) | Window.IsVisible(DialogMusicInfo.xml) | Window.IsVisible(DialogAddonInfo.xml) | Control.HasFocus(5610) | String.IsEqual(Window(Home).Property(WidgetFocus),5610)]]</visible>
                <visible>Window.IsVisible(fullscreenvideo) | Window.IsVisible(visualisation) | Window.IsVisible(Home)</visible>
                <include content="Object_ShadowSpot_Group">
                    <param name="height" value="100" />
                    <param name="top" value="40" />
                    <param name="left" value="10" />
                    <param name="width" value="700" />
                </include>
                <include content="Dialog_Notification_Group">
                    <param name="main_id" value="9401" />
                    <param name="sub_id" value="9402" />
                    <param name="label" value="$INFO[Control.GetLabel(401)]" />
                    <param name="label2" value="$INFO[Control.GetLabel(402)]" />
                    <param name="fgcolor" value="panel_fg" />
                    <param name="topalign" value="true" />
                    <param name="height" value="view_top" />
                </include>
            </control>
        </control>

        <control type="label" id="401">
            <include>Defs_Hidden_Button</include>
        </control>
        <control type="label" id="402">
            <include>Defs_Hidden_Button</include>
        </control>
    </controls>
</window>
