<?xml version="1.0" encoding="UTF-8"?>
<!-- Foundation -->
<fonts>
    <fontset id="Default" unicode="true">

        <include condition="Skin.HasSetting(FauneFonts)">Defaults_FauneFonts</include>
        <include condition="!Skin.HasSetting(FauneFonts)">Defaults_RobotoFonts</include>

        <!-- Standard Fonts -->
        <font>
            <name>font_medium</name>
            <filename>RobotoCondensed-Regular.ttf</filename>
            <size>38</size>
        </font>
        <font>
            <name>font_medium_bold</name>
            <filename>RobotoCondensed-Bold.ttf</filename>
            <size>38</size>
        </font>
        <font>
            <name>font_small</name>
            <filename>RobotoCondensed-Regular.ttf</filename>
            <size>30</size>
        </font>
        <font>
            <name>font_small_mono</name>
            <filename>RobotoMono-Bold.ttf</filename>
            <size>30</size>
            <aspect>0.8</aspect>
        </font>
        <font>
            <name>font_small_bold</name>
            <filename>RobotoCondensed-Bold.ttf</filename>
            <size>30</size>
        </font>
        <font>
            <name>font_tiny</name>
            <filename>RobotoCondensed-Regular.ttf</filename>
            <size>26</size>
        </font>
        <font>
            <name>font_tiny_bold</name>
            <filename>RobotoCondensed-Bold.ttf</filename>
            <size>26</size>
        </font>
        <font>
            <name>font_button</name>
            <style>uppercase</style>
            <filename>RobotoCondensed-Regular-Caps.ttf</filename>
            <size>24</size>
        </font>
        <font>
            <name>font_statusbar</name>
            <filename>RobotoCondensed-Regular.ttf</filename>
            <size>22</size>
        </font>
        <font>
            <name>font_fps</name>
            <filename>RobotoCondensed-Regular.ttf</filename>
            <size>16</size>
        </font>
        <font>
            <name>font_osd_lang</name>
            <filename>RobotoCondensed-Regular.ttf</filename>
            <size>10</size>
        </font>
        <font>
            <name>font_statusbar_bold</name>
            <filename>RobotoCondensed-Bold.ttf</filename>
            <size>22</size>
        </font>
        <font>
            <name>font_info_buttons</name>
            <filename>RobotoCondensed-Bold-Caps.ttf</filename>
            <size>20</size>
            <style>uppercase</style>
        </font>
        <font>
            <name>font_unwatched</name>
            <filename>RobotoCondensed-Bold.ttf</filename>
            <size>22</size>
        </font>
        <font>
            <name>font_mini</name>
            <style>uppercase</style>
            <filename>RobotoCondensed-Regular-Caps.ttf</filename>
            <size>20</size>
        </font>

        <!-- Music visualisation scrolling text -->
        <font>
            <name>font_musicvis_biggest</name>
            <filename>RobotoCondensed-Light.ttf</filename>
            <size>230</size>
        </font>
        <font>
            <name>font_musicvis_bigger</name>
            <filename>RobotoCondensed-Light.ttf</filename>
            <size>130</size>
        </font>
        <font>
            <name>font_musicvis_big</name>
            <filename>RobotoCondensed-Light.ttf</filename>
            <size>80</size>
        </font>

        <!-- Music visualisation info -->
        <font>
            <name>font_lyrics_bold</name>
            <filename>RobotoCondensed-Bold.ttf</filename>
            <size>70</size>
        </font>

        <font>
            <name>font_splash</name>
            <filename>RobotoCondensed-Bold.ttf</filename>
            <size>80</size>
            <style>bold</style>
        </font>
        <!-- Big weather temp -->        
        <font>
            <name>font_weather_currenttemp</name>
            <filename>RobotoCondensed-Bold.ttf</filename>
            <size>150</size>
            <style>bold</style>
        </font>
        <font>
            <name>font_weather_bold</name>
            <filename>RobotoCondensed-Bold.ttf</filename>
            <size>38</size>
            <style>bold</style>
        </font>

        <!-- Plot info overlay -->
        <font>
            <name>font_overlay_title</name>
            <filename>RobotoCondensed-Bold.ttf</filename>
            <size>100</size>
            <aspect>0.9</aspect>
            <style>bold</style>
        </font>


        <!-- Showcase title font -->
        <font>
            <name>font_title_large</name>
            <filename>RobotoCondensed-Bold.ttf</filename>
            <size>64</size>
            <aspect>0.9</aspect>
            <style>bold</style>
        </font>
        <font>
            <name>font_title</name>
            <filename>RobotoCondensed-Bold.ttf</filename>
            <size>48</size>
            <aspect>0.9</aspect>
            <style>bold</style>
        </font>
        <font>
            <name>font_title_small</name>
            <filename>RobotoCondensed-Bold.ttf</filename>
            <size>40</size>
            <aspect>0.9</aspect>
            <style>bold</style>
        </font>
        <font>
            <name>font_title_mini</name>
            <filename>RobotoCondensed-Bold.ttf</filename>
            <size>30</size>
            <aspect>0.9</aspect>
            <style>bold</style>
        </font>
        <font>
            <name>font_topbar</name>
            <filename>RobotoCondensed-Bold.ttf</filename>
            <size>40</size>
            <aspect>0.9</aspect>
            <style>bold</style>
        </font>
        <font>
            <name>font_topbar_small</name>
            <filename>RobotoCondensed-Regular.ttf</filename>
            <size>30</size>
        </font>
        <font>
            <name>font_submenu</name>
            <filename>RobotoCondensed-Bold.ttf</filename>
            <size>30</size>
            <aspect>0.9</aspect>
            <style>bold</style>
        </font>
        <font>
            <name>font_submenu_small</name>
            <filename>RobotoCondensed-Regular.ttf</filename>
            <size>26</size>
        </font>
        <font>
            <name>font_notification</name>
            <filename>RobotoCondensed-Bold.ttf</filename>
            <size>26</size>
            <aspect>0.9</aspect>
            <style>bold</style>
        </font>

        <!-- Small Byline -->
        <font>
            <name>font_byline</name>
            <style>uppercase</style>
            <filename>RobotoCondensed-Spaced-Caps.ttf</filename>
            <size>22</size>
        </font>
        <font>
            <name>font_hintlabel</name>
            <style>uppercase bold</style>
            <filename>RobotoCondensed-Spaced.ttf</filename>
            <size>18</size>
        </font>

        <!-- Required for system -->
        <font>
            <name>font13</name>
            <filename>RobotoCondensed-Regular.ttf</filename>
            <size>30</size>
        </font>
        <font>
            <name>Clock</name>
            <filename>RobotoCondensed-Bold.ttf</filename>
            <size>130</size>
        </font>

        <include>VideoLyrics_Fonts</include>

    </fontset>
    <fontset id="Arial" unicode="true">

        <!-- Standard Fonts -->
        <font>
            <name>font_medium</name>
            <filename>Arial.ttf</filename>
            <size>38</size>
        </font>
        <font>
            <name>font_medium_bold</name>
            <filename>Arial.ttf</filename>
            <size>38</size>
        </font>
        <font>
            <name>font_small</name>
            <filename>Arial.ttf</filename>
            <size>30</size>
        </font>
        <font>
            <name>font_small_mono</name>
            <filename>Arial.ttf</filename>
            <size>30</size>
            <aspect>0.8</aspect>
        </font>
        <font>
            <name>font_small_bold</name>
            <filename>Arial.ttf</filename>
            <size>30</size>
        </font>
        <font>
            <name>font_tiny</name>
            <filename>Arial.ttf</filename>
            <size>26</size>
        </font>
        <font>
            <name>font_tiny_bold</name>
            <filename>Arial.ttf</filename>
            <size>26</size>
        </font>
        <font>
            <name>font_button</name>
            <style>uppercase</style>
            <filename>Arial.ttf</filename>
            <size>24</size>
        </font>
        <font>
            <name>font_statusbar</name>
            <filename>Arial.ttf</filename>
            <size>22</size>
        </font>
        <font>
            <name>font_fps</name>
            <filename>Arial.ttf</filename>
            <size>16</size>
        </font>
        <font>
            <name>font_osd_lang</name>
            <filename>Arial.ttf</filename>
            <size>10</size>
        </font>
        <font>
            <name>font_statusbar_bold</name>
            <filename>Arial.ttf</filename>
            <size>22</size>
        </font>
        <font>
            <name>font_info_buttons</name>
            <filename>Arial.ttf</filename>
            <size>20</size>
            <style>uppercase</style>
        </font>
        <font>
            <name>font_unwatched</name>
            <filename>Arial.ttf</filename>
            <size>22</size>
        </font>
        <font>
            <name>font_mini</name>
            <style>uppercase</style>
            <filename>Arial.ttf</filename>
            <size>20</size>
        </font>

        <!-- Music visualisation scrolling text -->
        <font>
            <name>font_musicvis_biggest</name>
            <filename>Arial.ttf</filename>
            <size>230</size>
        </font>
        <font>
            <name>font_musicvis_bigger</name>
            <filename>Arial.ttf</filename>
            <size>130</size>
        </font>
        <font>
            <name>font_musicvis_big</name>
            <filename>Arial.ttf</filename>
            <size>80</size>
        </font>

        <!-- Music visualisation info -->
        <font>
            <name>font_lyrics_bold</name>
            <filename>Arial.ttf</filename>
            <size>70</size>
        </font>

        <font>
            <name>font_splash</name>
            <filename>Arial.ttf</filename>
            <size>80</size>
            <style>bold</style>
        </font>
        <!-- Big weather temp -->        
        <font>
            <name>font_weather_currenttemp</name>
            <filename>Arial.ttf</filename>
            <size>150</size>
            <style>bold</style>
        </font>
        <font>
            <name>font_weather_bold</name>
            <filename>Arial.ttf</filename>
            <size>38</size>
            <style>bold</style>
        </font>

        <!-- Plot info overlay -->
        <font>
            <name>font_overlay_title</name>
            <filename>Arial.ttf</filename>
            <size>100</size>
            <aspect>0.9</aspect>
            <style>bold</style>
        </font>


        <!-- Showcase title font -->
        <font>
            <name>font_title_large</name>
            <filename>Arial.ttf</filename>
            <size>64</size>
            <aspect>0.9</aspect>
            <style>bold</style>
        </font>
        <font>
            <name>font_title</name>
            <filename>Arial.ttf</filename>
            <size>48</size>
            <aspect>0.9</aspect>
            <style>bold</style>
        </font>
        <font>
            <name>font_title_small</name>
            <filename>Arial.ttf</filename>
            <size>40</size>
            <aspect>0.9</aspect>
            <style>bold</style>
        </font>
        <font>
            <name>font_title_mini</name>
            <filename>Arial.ttf</filename>
            <size>30</size>
            <aspect>0.9</aspect>
            <style>bold</style>
        </font>
        <font>
            <name>font_topbar</name>
            <filename>Arial.ttf</filename>
            <size>40</size>
            <aspect>0.9</aspect>
            <style>bold</style>
        </font>
        <font>
            <name>font_topbar_small</name>
            <filename>Arial.ttf</filename>
            <size>40</size>
                        <aspect>0.9</aspect>
            <style>bold</style>
        </font>
        <font>
            <name>font_submenu</name>
            <filename>Arial.ttf</filename>
            <size>38</size>
            <aspect>0.9</aspect>
            <style>bold</style>
        </font>
        <font>
            <name>font_submenu_small</name>
            <filename>Arial.ttf</filename>
            <size>38</size>
        </font>
        <font>
            <name>font_notification</name>
            <filename>Arial.ttf</filename>
            <size>26</size>
            <aspect>0.9</aspect>
            <style>bold</style>
        </font>

        <!-- Small Byline -->
        <font>
            <name>font_byline</name>
            <style>uppercase</style>
            <filename>Arial.ttf</filename>
            <size>22</size>
        </font>
        <font>
            <name>font_hintlabel</name>
            <style>uppercase bold</style>
            <filename>Arial.ttf</filename>
            <size>18</size>
        </font>

        <!-- Required for system -->
        <font>
            <name>font13</name>
            <filename>Arial.ttf</filename>
            <size>30</size>
        </font>
        <font>
            <name>Clock</name>
            <filename>Arial.ttf</filename>
            <size>130</size>
        </font>

        <include>VideoLyrics_Fonts</include>

    </fontset>
</fonts>
