<?xml version="1.0" encoding="UTF-8"?>
<includes>

    <include name="Defs_Global_Fade_Blur">
        <fadetime>3000</fadetime>
    </include>

    <variable name="Defs_SettingsPanel_NF">
        <!-- <value condition="Skin.HasSetting(DisableGeometric) + !String.IsEqual(Skin.CurrentColorTheme,SKINDEFAULT)">panel_fg_30</value> -->
        <value>panel_fg_70</value>
    </variable>

    <variable name="Defs_ThemeSwitcher_StartTime">
        <value>06:00</value>
    </variable>
    
    <include name="Defs_PauseAtEnd_Value">
        <pauseatend>$PARAM[time]</pauseatend>
    </include>

    <include name="Defs_PauseAtEnd">
        <include content="Defs_AutoScroll">
            <param name="include" value="Defs_PauseAtEnd_Value" />
        </include>
    </include>

    <include name="Defs_TimePerImage_Value">
        <timeperimage>$PARAM[time]</timeperimage>
    </include>

    <include name="Defs_TimePerImage">
        <include content="Defs_AutoScroll">
            <param name="include" value="Defs_TimePerImage_Value" />
        </include>
    </include>

    <include name="Defs_AutoScroll_Value">
        <autoscroll time="$PARAM[time]">$PARAM[condition]</autoscroll>
    </include>

    <include name="Defs_AutoScroll">
        <param name="include" default="Defs_AutoScroll_Value" />
        <definition>
            <include content="$PARAM[include]" condition="String.IsEqual(Skin.String(AutoScroll),$LOCALIZE[31117])">
                <param name="time" value="10000" />
                <param name="condition" value="$PARAM[condition]" />
            </include>
            <include content="$PARAM[include]" condition="String.IsEqual(Skin.String(AutoScroll),$LOCALIZE[31122]) | String.IsEmpty(Skin.String(AutoScroll))">
                <param name="time" value="12000" />
                <param name="condition" value="$PARAM[condition]" />
            </include>
            <include content="$PARAM[include]" condition="String.IsEqual(Skin.String(AutoScroll),$LOCALIZE[31123])">
                <param name="time" value="15000" />
                <param name="condition" value="$PARAM[condition]" />
            </include>
            <include content="$PARAM[include]" condition="String.IsEqual(Skin.String(AutoScroll),$LOCALIZE[31124])">
                <param name="time" value="20000" />
                <param name="condition" value="$PARAM[condition]" />
            </include>
            <include content="$PARAM[include]" condition="String.IsEqual(Skin.String(AutoScroll),$LOCALIZE[31125])">
                <param name="time" value="30000" />
                <param name="condition" value="$PARAM[condition]" />
            </include>
            <include content="$PARAM[include]" condition="String.IsEqual(Skin.String(AutoScroll),$LOCALIZE[31126])">
                <param name="time" value="60000" />
                <param name="condition" value="$PARAM[condition]" />
            </include>
            <include content="$PARAM[include]" condition="String.IsEqual(Skin.String(AutoScroll),$LOCALIZE[31127])">
                <param name="time" value="600000" />
                <param name="condition" value="$PARAM[condition]" />
            </include>
        </definition>
    </include>

    <include name="Defs_UpdateColorbox_Onclick">
        <onclick>AlarmClock(nms1,SetProperty(NINE_manual_set,"var=main,set=$INFO[Skin.String(colorbox_main)]|var=comp,set=$INFO[Skin.String(colorbox_comp)]|var=quality,set=$INFO[Skin.String(colorbox_quality)]|var=blursize,set=$INFO[Skin.String(colorbox_blursize)]|var=bitsize,set=$INFO[Skin.String(colorbox_bitsize)]|var=pixelsize,set=$INFO[Skin.String(colorbox_pixelsize)]|var=black,set=$INFO[Skin.String(colorbox_black)]|var=white,set=$INFO[Skin.String(colorbox_white)]|var=blend,set=$INFO[Skin.String(colorbox_blend)]|var=desat,set=$INFO[Skin.String(colorbox_desat)]",home),00:00,silent)</onclick>
        <onclick>AlarmClock(nms2,SetProperty(FIVE_daemon_fire,True,home),00:01,silent)</onclick>
    </include>

    <variable name="Defs_Widget_Target">
        <value condition="String.IsEqual(Skin.String(widgetTarget),video)">videos</value>
        <value>$INFO[Skin.String(widgetTarget)]</value>
    </variable>

    <variable name="Defs_Volume_Colordiffuse">
        <value condition="Window.IsVisible(Home) + !Skin.HasSetting(HomeMulti) + ![Window.IsVisible(DialogVideoInfo.xml) | Window.IsVisible(DialogMusicInfo.xml) | Window.IsVisible(DialogAddonInfo.xml)]">panel_fg_100</value>
        <value>main_fg_100</value>
    </variable>

    <include name="Defs_InfoList_OnBack">
        <onback condition="Skin.HasSetting(DisableExtendedInfo)">SetFocus(50)</onback>
        <onback>SetFocus(5000)</onback>
        <onback>300</onback>
    </include>

    <include name="Defs_InfoList_OnClick">
        <param name="prevent_del" default="prevent_del" />
        <definition>
            <onclick condition="Skin.HasSetting(DisableExtendedInfo)">SetFocus(50)</onclick>
            <onclick>SetFocus(5000)</onclick>
            <onclick>SetFocus(300)</onclick>
            <onclick condition="String.IsEmpty(ListItem.DBID) | [!String.IsEqual(ListItem.DBType,movie) + !String.IsEqual(ListItem.DBType,tvshow)]">RunScript(plugin.video.themoviedb.helper,add_path=$INFO[ListItem.FolderPath],call_auto=1136)</onclick>
            <onclick condition="!String.IsEmpty(ListItem.DBID) + String.IsEqual(ListItem.DBType,movie)">RunScript(plugin.video.themoviedb.helper,add_path=$INFO[ListItem.Label,videodb://movies/titles/?xsp=%7B%22order%22%3A%7B%22direction%22%3A%22ascending%22%2C%22ignorefolders%22%3A0%2C%22method%22%3A%22sorttitle%22%7D%2C%22rules%22%3A%7B%22and%22%3A%5B%7B%22field%22%3A%22title%22%2C%22operator%22%3A%22is%22%2C%22value%22%3A%5B%22,%22%5D%7D%5D%7D%2C%22type%22%3A%22movies%22%7D],call_auto=1136)</onclick>
            <onclick condition="!String.IsEmpty(ListItem.DBID) + String.IsEqual(ListItem.DBType,tvshow)">RunScript(plugin.video.themoviedb.helper,add_path=$INFO[ListItem.Label,videodb://tvshows/titles/?xsp=%7B%22order%22%3A%7B%22direction%22%3A%22ascending%22%2C%22ignorefolders%22%3A0%2C%22method%22%3A%22sorttitle%22%7D%2C%22rules%22%3A%7B%22and%22%3A%5B%7B%22field%22%3A%22title%22%2C%22operator%22%3A%22is%22%2C%22value%22%3A%5B%22,%22%5D%7D%5D%7D%2C%22type%22%3A%22tvshows%22%7D],call_auto=1136)</onclick>
        </definition>
    </include>

    <include name="Defs_Null"><description>Nothing</description></include>

    <variable name="Defs_Target">
        <value condition="String.IsEqual(ListItem.DBType,album) | String.IsEqual(ListItem.DBType,artist) | String.IsEqual(ListItem.DBType,song)">music</value>
        <value>videos</value>
    </variable>

    <variable name="Defs_5610_Target">
        <value condition="String.IsEqual(Container(5610).ListItemAbsolute(0).DBType,album) | String.IsEqual(Container(5610).ListItemAbsolute(0).DBType,artist) | String.IsEqual(Container(5610).ListItemAbsolute(0).DBType,song)">music</value>
        <value>videos</value>
    </variable>

    <include name="Defs_ButtonList">
        <left>-35</left>
        <align>left</align>
        <height>60</height>
        <bottom>-15</bottom>
        <orientation>horizontal</orientation>
        <usecontrolcoords>true</usecontrolcoords>
        <itemgap>0</itemgap>
    </include>

    <include name="Defs_ShadowBack_Fullscreen">
        <right>-250</right>
        <top>-50</top>
        <texture>common/shadowspot.png</texture>
        <height>228</height>
        <width>1100</width>
        <include>Animation_FadeIn_Slide</include>
        <!-- <visible>VideoPlayer.IsFullscreen | Window.IsVisible(MusicVisualisation.xml)</visible> -->
    </include>

    <variable name="Defs_VideoInfo_Extras">
        <value condition="Container.Content(movies) + String.IsEmpty(Window(home).Property(SpecialFeatures.Widget)) + !String.StartsWith(ListItem.Path,plugin://)">$INFO[ListItem.Path,,/Extras/]</value>
        <value condition="!Container.Content(movies) + String.IsEmpty(Window(home).Property(SpecialFeatures.Widget)) + !String.StartsWith(ListItem.Path,plugin://)">$INFO[ListItem.FileNameAndPath,,Extras/]</value>
        <value condition="!String.IsEmpty(Window(home).Property(SpecialFeatures.Widget)) + !String.StartsWith(ListItem.Path,plugin://)">$INFO[Window(home).Property(SpecialFeatures.Widget)]</value>
    </variable>

    <include name="Defs_Settings_OnLoad">
        <onload condition="Window.IsActive(interfacesettings)">SetProperty(MenuIconFocus,ReplaceWindow(interfacesettings),Home)</onload>
        <onload condition="Window.IsActive(systemsettings)">SetProperty(MenuIconFocus,ReplaceWindow(systemsettings),Home)</onload>
        <onload condition="Window.IsActive(pvrsettings)">SetProperty(MenuIconFocus,ReplaceWindow(pvrsettings),Home)</onload>
        <onload condition="Window.IsActive(servicesettings)">SetProperty(MenuIconFocus,ReplaceWindow(servicesettings),Home)</onload>
        <onload condition="Window.IsActive(mediasettings)">SetProperty(MenuIconFocus,ReplaceWindow(mediasettings),Home)</onload>
        <onload condition="Window.IsActive(playersettings)">SetProperty(MenuIconFocus,ReplaceWindow(playersettings),Home)</onload>
        <onload condition="Window.IsActive(systeminfo)">SetProperty(MenuIconFocus,ReplaceWindow(systeminfo),Home)</onload>
        <onload condition="Window.IsActive(profiles)">SetProperty(MenuIconFocus,ReplaceWindow(profiles),Home)</onload>
        <onload condition="Window.IsActive(skinsettings)">SetProperty(MenuIconFocus,ReplaceWindow(skinsettings),Home)</onload>

        <onload condition="Window.IsActive(skinsettings)">SetFocus(300,0)</onload>
        <onload condition="Window.IsActive(interfacesettings)">SetFocus(300,1)</onload>
        <onload condition="Window.IsActive(mediasettings)">SetFocus(300,2)</onload>
        <onload condition="Window.IsActive(playersettings)">SetFocus(300,3)</onload>
        <onload condition="Window.IsActive(systemsettings)">SetFocus(300,4)</onload>
        <onload condition="Window.IsActive(servicesettings)">SetFocus(300,5)</onload>
        <onload condition="Window.IsActive(pvrsettings)">SetFocus(300,6)</onload>
        <onload condition="Window.IsActive(systeminfo)">SetFocus(300,7)</onload>
        <onload condition="Window.IsActive(profiles)">SetFocus(300,8)</onload>
    </include>

    <include name="Defs_Settings_OnLeft">
        <onleft condition="Window.IsActive(skinsettings)">SetFocus(300,0)</onleft>
        <onleft condition="Window.IsActive(interfacesettings)">SetFocus(300,1)</onleft>
        <onleft condition="Window.IsActive(mediasettings)">SetFocus(300,2)</onleft>
        <onleft condition="Window.IsActive(playersettings)">SetFocus(300,3)</onleft>
        <onleft condition="Window.IsActive(systemsettings)">SetFocus(300,4)</onleft>
        <onleft condition="Window.IsActive(servicesettings)">SetFocus(300,5)</onleft>
        <onleft condition="Window.IsActive(pvrsettings)">SetFocus(300,6)</onleft>
        <onleft condition="Window.IsActive(systeminfo)">SetFocus(300,7)</onleft>
        <onleft condition="Window.IsActive(profiles)">SetFocus(300,8)</onleft>
    </include>

    <include name="Defs_InfoDialog_Visible">
        <visible>!Window.IsVisible(DialogVideoInfo.xml) + !Window.IsVisible(DialogMusicInfo.xml) + !Window.IsVisible(DialogAddonInfo.xml) + !Window.IsVisible(1140) + !Window.IsVisible(DialogPVRInfo.xml)</visible>
    </include>

    <!-- Options Menu -->
    <include name="Defs_Options_Texture">
        <control type="image">
            <left>-16</left>
            <right>-16</right>
            <top>-16</top>
            <bottom>-16</bottom>
            <bordertexture border="32">common/dark-shadow-24.png</bordertexture>
            <bordersize>24</bordersize>
            <texture border="16" colordiffuse="dialog_bg_100">common/rounded-dialog.png</texture>
        </control>
    </include>
    <include name="Defs_Options_Grouplist">
        <left>8</left>
        <bottom>-48</bottom>
        <width>450</width>
        <top>16</top>
        <itemgap>0</itemgap>
        <onback condition="!Window.IsVisible(DialogButtonMenu.xml)">50</onback>
        <onleft condition="!Window.IsVisible(DialogButtonMenu.xml)">50</onleft>
        <onright condition="!Window.IsVisible(DialogButtonMenu.xml)">50</onright>
    </include>

    <include name="Defs_Powermenu_Group">
        <height>592</height>
        <centerleft>50%</centerleft>
        <centertop>50%</centertop>
        <width>466</width>
    </include>

    <include name="Defs_Options_StandardButtons">
        <control type="button" id="2">
            <description>Viewmode</description>
            <include>Defs_Hidden_Button</include>
        </control>
        <control type="button" id="3">
            <description>Sortby</description>
            <include>Defs_Hidden_Button</include>
        </control>
        <control type="button" id="6003">
            <description>Sort By</description>
            <label>$INFO[Control.GetLabel(3)]</label>
            <onclick>SendClick(3)</onclick>
            <visible>Control.IsVisible(3)</visible>
            <visible>Control.IsEnabled(3)</visible>
            <include>Defs_Hidden_Button</include>
        </control>
        <control type="togglebutton" id="4">
            <label>$LOCALIZE[584]</label>
            <altlabel>$LOCALIZE[585]</altlabel>
            <usealttexture>Container.SortDirection(Descending)</usealttexture>
            <include>Defs_Hidden_Button</include>
        </control>
    </include>

    <include name="Defs_Hidden_Button">
        <top>-100</top>
        <visible allowhiddenfocus="true">false</visible>
        <width>1</width>
        <height>1</height>
        <texturefocus />
        <texturenofocus />
        <font />
    </include>

    <!-- Keyboard and Numeric Keys -->
    <include name="Defs_Keyboard_Button">
        <width>85</width>
        <height>75</height>
        <texturenofocus border="5" colordiffuse="dialog_fg_12">diffuse/box.png</texturenofocus>
        <texturefocus border="5" colordiffuse="$VAR[ColorHighlight]">diffuse/box.png</texturefocus>
        <textoffsetx>0</textoffsetx>
        <textcolor>dialog_fg_70</textcolor>
        <focusedcolor>Selected</focusedcolor>
        <radioposx>320</radioposx>
        <radioposy>22</radioposy>
    </include>

    <!-- Context Button -->
    <include name="Defs_Context_Button">
        <align>left</align>
        <textoffsetx>30</textoffsetx>
        <radioposx>400</radioposx>
        <width>450</width>
        <height>item_list_height</height>
        <font>font_tiny</font>
        <textcolor>dialog_fg_70</textcolor>
        <textureradiofocus colordiffuse="dialog_fg_70">buttons/radio-on.png</textureradiofocus>
        <textureradionofocus colordiffuse="dialog_fg_30">buttons/radio-off.png</textureradionofocus>
        <focusedcolor>Selected</focusedcolor>
        <alttexturefocus colordiffuse="$VAR[ColorHighlight]">common/white.png</alttexturefocus>
        <texturefocus colordiffuse="$VAR[ColorHighlight]">common/white.png</texturefocus>
    </include>

    <include name="Defs_SettingsTrick">
        <control type="button">
            <visible allowhiddenfocus="true">false</visible>
            <onfocus condition="!Window.IsActive(InterfaceSettings) + String.IsEqual(Container(300).ListItem.Property(path),ReplaceWindow(InterfaceSettings))">ReplaceWindow(InterfaceSettings)</onfocus>
            <onfocus condition="!Window.IsActive(SkinSettings) + String.IsEqual(Container(300).ListItem.Property(path),ReplaceWindow(SkinSettings))">ReplaceWindow(SkinSettings)</onfocus>
            <onfocus condition="!Window.IsActive(MediaSettings) + String.IsEqual(Container(300).ListItem.Property(path),ReplaceWindow(MediaSettings))">ReplaceWindow(MediaSettings)</onfocus>
            <onfocus condition="!Window.IsActive(PlayerSettings) + String.IsEqual(Container(300).ListItem.Property(path),ReplaceWindow(PlayerSettings))">ReplaceWindow(PlayerSettings)</onfocus>
            <onfocus condition="!Window.IsActive(SystemSettings) + String.IsEqual(Container(300).ListItem.Property(path),ReplaceWindow(SystemSettings))">ReplaceWindow(SystemSettings)</onfocus>
            <onfocus condition="!Window.IsActive(servicesettings) + String.IsEqual(Container(300).ListItem.Property(path),ReplaceWindow(servicesettings))">ReplaceWindow(servicesettings)</onfocus>
            <onfocus condition="!Window.IsActive(pvrsettings) + String.IsEqual(Container(300).ListItem.Property(path),ReplaceWindow(pvrsettings))">ReplaceWindow(pvrsettings)</onfocus>
            <onfocus condition="!Window.IsActive(systeminfo) + String.IsEqual(Container(300).ListItem.Property(path),ReplaceWindow(systeminfo))">ReplaceWindow(systeminfo)</onfocus>
            <onfocus condition="!Window.IsActive(Profiles) + String.IsEqual(Container(300).ListItem.Property(path),ReplaceWindow(Profiles))">ReplaceWindow(Profiles)</onfocus>
        </control>
    </include>

    <include name="Defs_Settings_Background">
        <control type="image">
            <animation type="WindowOpen" reversible="false" condition="!Window.Previous(SettingsCategory.xml) + !Window.Previous(SkinSettings.xml) + !Window.Previous(SettingsProfile.xml) + !Window.Previous(SettingsSystemInfo.xml)">
                <effect type="fade" start="0" end="100" time="300" delay="0"/>
            </animation>
            <include>Dimensions_Fullscreen</include>
            <texture border="2">common/black-back.png</texture>
        </control>
        <include content="Topbar">
            <param name="fgcolor" value="panel_fg" />
        </include>
        <include condition="!Window.Previous(home)">View_Settings</include>
        <include content="Object_Settings_Info">
            <param name="visible" value="Control.HasFocus(300) | !Window.IsVisible(SettingsCategory.xml)" />
            <param name="id" value="5800" />
            <param name="label" value="$VAR[Label_Settings_Information]" />
        </include>
    </include>

    <include name="Defs_Settings_Changer">
        <definition>
            <control type="list" id="300">
                <nested />
                <top>39</top>
                <bottom>dialog_pad</bottom>
                <width>item_list_height</width>
                <orientation>vertical</orientation>
                <itemlayout height="item_list_height" width="item_list_height">
                    <control type="group">
                        <width>item_list_height</width>
                        <control type="image">
                            <centerleft>50%</centerleft>
                            <centertop>50%</centertop>
                            <width>60</width>
                            <height>60</height>
                            <texture colordiffuse="dialog_fg_30">$INFO[ListItem.Icon]</texture>
                        </control>
                    </control>
                    <control type="label">
                        <left>item_list_height</left>
                        <label>$INFO[ListItem.Label]</label>
                        <font>font_small</font>
                        <textcolor>dialog_fg_70</textcolor>
                    </control>
                </itemlayout>
                <focusedlayout height="item_list_height" width="item_list_height">
                    <include>Defs_SettingsTrick</include>
                    <control type="image">
                        <texture colordiffuse="$VAR[ColorHighlight]">common/white.png</texture>
                    </control>
                    <control type="group">
                        <width>item_list_height</width>
                        <control type="image">
                            <centerleft>50%</centerleft>
                            <centertop>50%</centertop>
                            <width>60</width>
                            <height>60</height>
                            <texture colordiffuse="Selected">$INFO[ListItem.Icon]</texture>
                        </control>
                    </control>
                    <control type="label">
                        <left>item_list_height</left>
                        <label>$INFO[ListItem.Label]</label>
                        <font>font_small</font>
                        <textcolor>Selected</textcolor>
                    </control>
                </focusedlayout>
                <include>Items_Settings</include>
            </control>
        </definition>
    </include>
    <!-- Settings Buttons -->
    <variable name="Defs_Settings_ToggleButton_Color">
        <value condition="Control.HasFocus(300) | Control.HasFocus(20)">00ffffff</value>
        <value>$VAR[ColorHighlight]</value>
    </variable>
    <variable name="Defs_Settings_ToggleButton_Text">
        <value condition="Control.HasFocus(300) | Control.HasFocus(20)">dialog_fg_70</value>
        <value>Selected</value>
    </variable>
    <include name="Defs_Settings_Button">
        <align>left</align>
        <font>font_small</font>
        <radioposx>1225</radioposx>
        <height>item_list_height</height>
        <textoffsetx>30</textoffsetx>
        <focusedcolor>$VAR[Defs_Settings_ToggleButton_Text]</focusedcolor>
        <texturefocus colordiffuse="$VAR[Defs_Settings_ToggleButton_Color]">common/white.png</texturefocus>
        <alttexturefocus colordiffuse="$VAR[Defs_Settings_ToggleButton_Color]">common/white.png</alttexturefocus>
    </include>
    <!-- Shadows -->
    <include name="Defs_Shadow_24">
        <left>-24</left>
        <right>-24</right>
        <top>-24</top>
        <bottom>-24</bottom>
        <bordersize>24</bordersize>
        <bordertexture border="32">common/shadow-24.png</bordertexture>
    </include>

    <!-- Busy Spinner -->
    <include name="Defs_BusySpinner">
        <param name="label" default="$LOCALIZE[20186]..." />
        <param name="textcolor" default="ffededed" />
        <definition>
            <control type="group">
                <height>170</height>
                <width>720</width>
                <centerleft>50%</centerleft>
                <centertop>50%</centertop>
                <control type="image">
                    <description>Busy animation</description>
                    <centerleft>50%</centerleft>
                    <top>0</top>
                    <width>100</width>
                    <height>100</height>
                    <texture>dialog/loading-back.png</texture>
                    <aspectratio>keep</aspectratio>
                </control>
                <control type="group">
                    <description>Busy animation</description>
                    <centerleft>50%</centerleft>
                    <top>0</top>
                    <width>100</width>
                    <height>100</height>
                    <animation effect="rotate" condition="true" start="360" end="0" loop="true" time="1000" center="auto">Conditional</animation>
                    <control type="image">
                        <texture colordiffuse="$VAR[ColorHighlight]">dialog/loading-spinner.png</texture>
                        <aspectratio>keep</aspectratio>
                    </control>
                </control>
                <control type="label">
                    <description>Busy label</description>
                    <centerleft>50%</centerleft>
                    <bottom>0</bottom>
                    <width>720</width>
                    <height>100</height>
                    <aligny>center</aligny>
                    <align>center</align>
                    <label>$PARAM[label]</label>
                    <textcolor>$PARAM[textcolor]</textcolor>
                </control>
            </control>
        </definition>
    </include>

</includes>
