<?xml version="1.0" encoding="UTF-8"?>
<window>
    <defaultcontrol always="true">20</defaultcontrol>
    <onload>Dialog.Close(fullscreeninfo,true)</onload>
    <onload>Dialog.Close(videoosd,true)</onload>
    <controls>

    <control type="group">
        <left>view_pad</left>
        <right>view_pad</right>
        <bottom>view_pad</bottom>
        <control type="button" id="3012">
            <top>-1000</top>
            <include>Defs_Hidden_Button</include>
        </control>
        
        <control type="grouplist" id="20">
            <left>-16</left>
            <bottom>0</bottom>
            <height>90</height>
            <orientation>horizontal</orientation>
            <itemgap>0</itemgap>
            <include content="Object_IconicButton">
                <param name="id" value="10" />
                <param name="groupid" value="9010" />
                <param name="label" value="$ADDON[service.upnext 30049]" />
                <param name="icon" value="special://skin/extras/icons/play3.png" />
                <param name="visible" value="Integer.IsGreater(Player.TimeRemaining,59)" />
                <onclick>SendClick(3012)</onclick>
            </include>
            <include content="Object_IconicButton">
                <param name="id" value="11" />
                <param name="groupid" value="9011" />
                <param name="label" value="$ADDON[service.upnext 30035]..." />
                <param name="icon" value="special://skin/extras/icons/play3.png" />
                <param name="visible" value="!Integer.IsGreater(Player.TimeRemaining,59)" />
                <onclick>SendClick(3012)</onclick>
            </include>
            <include content="Object_IconicButton">
                <param name="id" value="3013" />
                <param name="groupid" value="9013" />
                <param name="label" value="$ADDON[service.upnext 30034]" />
                <param name="icon" value="special://skin/extras/icons/disabled.png" />
                <param name="visible" value="true" />
            </include>
        </control>
    </control>

        
    </controls>
</window>
