<?xml version="1.0" encoding="UTF-8"?>
<window>
    <defaultcontrol always="true">3012</defaultcontrol>
    <onload>Dialog.Close(fullscreeninfo,true)</onload>
    <onload>Dialog.Close(videoosd,true)</onload>
    <include>Animation_FadeIn</include>
    <controls>
        <control type="group">
            <animation type="WindowOpen" reversible="false">
                <effect type="fade" start="0" end="100" time="400" />
                <effect type="slide" start="0,-80" end="0,0" time="400"/>
            </animation>
            <animation type="WindowClose" reversible="false">
                <effect type="fade" start="100" end="0" time="400" />
                <effect type="slide" start="0,0" end="0,-80" time="400" />
            </animation>
            <include content="View_Pad">
                <param name="top" value="view_pad" />
            </include>
        <control type="progress" id="3014">
            <top>-70</top>
                <width>100%</width>
                <height>6</height>
                <reveal>true</reveal>
                <texturebg colordiffuse="00ffffff" border="6">diffuse/progress-bg.png</texturebg>
                <lefttexture colordiffuse="00ffffff" border="6">diffuse/progress-left.png</lefttexture>
                <midtexture colordiffuse="$VAR[ColorGradient]" border="6" diffuse="progress/diffuse.png">diffuse/progress-end.png</midtexture>
                <righttexture colordiffuse="$VAR[ColorGradient]" border="3" diffuse="progress/diffuse-end.png">diffuse/progress-right.png</righttexture>
        </control>
            <control type="grouplist" id="20">
                <left>-60</left>
                <top>-64</top>
                <align>left</align>
                <height>80</height>
                <orientation>horizontal</orientation>
                <usecontrolcoords>true</usecontrolcoords>
                <itemgap>-10</itemgap>
                <include content="Object_Info_Button">
                    <param name="id" value="3012" />
                    <param name="groupid" value="5012" />
                    <param name="label" value="Następny" />
                    <param name="icon" value="special://skin/extras/icons/play3.png" />
                    <param name="visible" value="true" />
                    <param name="onup" value="" />
                    <param name="ondown" value="" />
                    <!--  za [COLOR=$VAR[ColorHighlight]]$INFO[Window.Property(remaining)][/COLOR]... -->
                </include>
                <include content="Object_Info_Button">
                    <param name="id" value="3013" />
                    <param name="groupid" value="5013" />
                    <param name="label" value="$INFO[Window.Property(stop_close_label)]" />
                    <param name="icon" value="special://skin/extras/icons/disabled.png" />
                    <param name="visible" value="true" />
                    <param name="onup" value="" />
                    <param name="ondown" value="" />
                </include>
            </control>
        </control>
        <control type="button" id="3013">
            <include>Defs_Hidden_Button</include>
        </control>
    </controls>
</window>
