<?xml version="1.0" encoding="UTF-8" ?>
<includes>
    <include name="View_52_Showcase_Header">
        <param name="itemgap" default="10" />
        <definition>
            <control type="grouplist">
                <top>-15</top>
                <left>view_pad</left>
                <right>view_pad</right>
                <orientation>vertical</orientation>
                <itemgap>$PARAM[itemgap]</itemgap>
                <usecontrolcoords>true</usecontrolcoords>
                <control type="label">
                    <aligny>top</aligny>
                    <align>center</align>
                    <font>font_title</font>
                    <textcolor>main_fg_100</textcolor>
                    <label>$INFO[ListItem.Label,[B],[/B]]</label>
                    <height>80</height>
                </control>
                <control type="label">
                    <align>center</align>
                    <aligny>top</aligny>
                    <font>font_tiny</font>
                    <textcolor>main_fg_70</textcolor>
                    <label>$VAR[Label_SubTitle]</label>
                    <height>60</height>
                    <visible>!ListItem.IsCollection</visible>
                </control>
                <control type="label">
                    <align>center</align>
                    <aligny>top</aligny>
                    <font>font_tiny</font>
                    <textcolor>$VAR[ColorHighlight]</textcolor>
                    <label>$INFO[Window(Home).Property(TMDbHelper.ListItem.Year),[COLOR=main_fg_100],[/COLOR]  | ]$VAR[Label_Duration,[COLOR=main_fg_100],[/COLOR]]</label>
                    <height>60</height>
                    <visible>ListItem.IsCollection</visible>
                </control>
            </control>
        </definition>
    </include>

    <include name="View_52_Showcase_Plot">
        <param name="id" default="52" />
        <param name="plotheight" default="210" />
        <param name="ratings" default="true" />
        <param name="bottom" default="-15" />
        <definition>
            <control type="grouplist">
                <orientation>vertical</orientation>
                <bottom>$PARAM[bottom]</bottom>
                <align>bottom</align>
                <itemgap>20</itemgap>
                <usecontrolcoords>true</usecontrolcoords>
                <control type="textbox">
                    <left>view_pad</left>
                    <right>view_pad</right>
                    <label>$VAR[Label_Plot]</label>
                    <height>$PARAM[plotheight]</height>
                    <aligny>center</aligny>
                    <align>center</align>
                    <textcolor>main_fg_70</textcolor>
                    <font>font_plotbox</font>
                </control>
                <include content="Object_Ratings_Content" condition="$PARAM[ratings]">
                    <param name="align" value="center" />
                </include>
            </control>
            <!-- Advanced Emulator Launcher Specific Platform Icon -->
            <include>View_540_Platform_Icon</include>
        </definition>
    </include>

    <include name="View_522_Showcase_Seasons_Info">
        <param name="seasons" default="true" />
        <param name="id" default="5229" />
        <param name="isView2" default="false" />
        <param name="isRomTrailer" default="false" />
        <definition>
            <control type="group">
                <include>View_FlipSides</include>
                <top>0</top>
                <width>761.44</width>
                <visible>$PARAM[visible]</visible>
                <include content="View_50_Poster" condition="!$PARAM[isRomTrailer]">
                    <param name="height" value="441.435" />
                    <param name="width" value="761.44" />
                    <param name="icon" value="$PARAM[icon]" />
                    <param name="diffuse" value="diffuse/landscape-info.png" />
                    <param name="iconvisible" value="$PARAM[iconvisible]" />
                </include>
                <include content="View_540_Poster" condition="$PARAM[isRomTrailer]">
                    <param name="height" value="441.435" />
                    <param name="width" value="761.44" />
                    <param name="icon" value="$PARAM[icon]" />
                    <param name="diffuse" value="diffuse/landscape-info.png" />
                </include>
                <control type="image">
                    <top>0</top>
                    <right>50</right>
                    <width>200</width>
                    <height>390</height>
                    <texture background="true">$VAR[Image_Clearlogo]</texture>
                    <aspectratio align="right" aligny="bottom">keep</aspectratio>
                    <visible>!$EXP[InGameMode] + ![String.IsEmpty(ListItem.Art(clearlogo)) + String.IsEmpty(ListItem.Art(tvshow.clearlogo)) + String.IsEqual(Container.ShowTitle,ListItem.TvShowTitle)] + [[String.IsEmpty(Container.Art(landscape)) + Skin.HasSetting(LandscapeArt)] + [String.IsEmpty(Container.Art(tvshow.landscape)) + Skin.HasSetting(LandscapeArt)]]</visible>
                </control>
                <control type="group">
                    <include content="View_540_Platform_Icon">
                        <param name="top" value="440" />
                        <param name="right" value="30" />
                    </include>
                    <control type="grouplist">
                        <top>431.435</top>
                        <left>0</left>
                        <right>30</right>
                        <orientation>vertical</orientation>
                        <usecontrolcoords>true</usecontrolcoords>
                        <itemgap>0</itemgap>
                        <control type="label">
                            <font>font_title_small</font>
                            <textcolor>main_fg_100</textcolor>
                            <align>left</align>
                            <aligny>top</aligny>
                            <height>50</height>
                            <width>630</width>
                            <label>$PARAM[title]</label>
                        </control>
                        <include condition="$EXP[InGameMode]" content="View_540_ROM_Details">
                        </include>
                        <include condition="$PARAM[seasons] + !$EXP[InGameMode]" content="Object_Info_Line">
                            <param name="nextaired" value="false" />
                        </include>
                        <include condition="!$PARAM[seasons] + !$EXP[InGameMode]" content="Object_Info_Line">
                            <param name="nextaired" value="false" />
                            <param name="label" value="$INFO[Container($PARAM[id]).ListItem.MPAA]" />
                            <param name="container" value="Container($PARAM[id])." />
                        </include>
                        <include content="Object_Ratings_Content">
                            <param name="top" value="10" />
                            <param name="imdbvotes" value="false" />
                            <param name="top250" value="false" />
                            <param name="oscars" value="false" />
                        </include>
                        <control type="textbox">
                            <visible>!$PARAM[isView2]</visible>
                            <top>8</top>
                            <font>font_plotbox</font>
                            <textcolor>main_fg_70</textcolor>
                            <align>left</align>
                            <aligny>top</aligny>
                            <height>240</height>
                            <label>$PARAM[plot]</label>
                        </control>
                        <control type="grouplist">
                            <visible>$PARAM[isView2]</visible>
                            <top>25</top>
                            <itemgap>14</itemgap>
                            <include content="Object_Info_TextPairs">
                                <param name="name" value="$LOCALIZE[31443]" />
                                <param name="label" value="ListItem.Genre" />
                            </include>
                            <include content="Object_Info_TextPairs">
                                <param name="name" value="$LOCALIZE[31444]" />
                                <param name="label" value="ListItem.Director" />
                            </include>
                            <control type="group">
                                <visible>!String.isEmpty(ListItem.Tagline)</visible>
                                <include content="Object_Info_TextPairs">
                                    <param name="name" value="$LOCALIZE[31446]" />
                                    <param name="label" value="ListItem.Tagline" />
                                </include>
                            </control>
                            <control type="group">
                                <visible>String.isEmpty(ListItem.Tagline)</visible>
                                <include content="Object_Info_TextPairs">
                                    <param name="name" value="$LOCALIZE[31447]" />
                                    <param name="label" value="ListItem.Premiered" />
                                </include>
                            </control>
                        </control>
                    </control>
                </control>
            </control>
        </definition>
    </include>

    <include name="View_52_Showcase_Layout_Standard">
        <top>165</top>
        <right>-15</right>
        <left>-15</left>
        <preloaditems>2</preloaditems>
        <pagecontrol>62</pagecontrol>
    </include>

    <include name="View_52_Showcase_Layout">
        <focusposition>3</focusposition>
        <movement>3</movement>
        <animation effect="slide" end="-122.14" condition="Integer.IsEqual(Container.NumAllItems,6) | Integer.IsEqual(Container.NumAllItems,4) | Integer.IsEqual(Container.NumAllItems,2)">Conditional</animation>
        <include>View_52_Showcase_Layout_Standard</include>
    </include>

    <include name="View_520_Showcase_Layout">
        <focusposition>2</focusposition>
        <movement>2</movement>
        <include>View_52_Showcase_Layout_Standard</include>
    </include>

    <include name="View_521_Showcase_Layout">
        <focusposition>1</focusposition>
        <movement>1</movement>
        <include>View_52_Showcase_Layout_Standard</include>
    </include>

    <include name="View_52_Showcase_Aura_Layout">
        <focusposition>0</focusposition>
        <movement>6</movement>
        <bottom>-25</bottom>
        <right>-15</right>
        <left>-15</left>
        <preloaditems>2</preloaditems>
        <pagecontrol>62</pagecontrol>
    </include>

    <include name="Flix_View_52_Showcase_Aura_Info">
        <param name="plotheight" default="120" />
        <definition>
            <control type="grouplist">
                <orientation>vertical</orientation>
                <usecontrolcoords>true</usecontrolcoords>
                <itemgap>0</itemgap>
                <control type="group">
                    <height>200</height>
                    <include content="Flix_Object_Info_Title">
                        <param name="font" value="font_title_large" />
                        <param name="shadowcolor" value="ff000000" />
                        <param name="titleheight" value="$PARAM[titleheight]" />
                        <param name="top" value="80" />
                        <param name="visible" value="!$EXP[Exp_HasClearlogo]" />
                    </include>
                    <control type="image">
                        <width>620</width>
                        <aspectratio align="left" aligny="center">keep</aspectratio>
                        <texture background="true">$VAR[Image_Clearlogo]</texture>
                        <visible>$EXP[Exp_HasClearlogo]</visible>
                    </control>
                </control>
                <include>Flix_Object_Info_Line</include>
                <include content="Flix_Object_Info_Plot">
                    <param name="maxheight" value="$PARAM[plotheight]" />
                    <param name="shadowcolor" value="ff000000" />
                </include>
                <control type="group">
                    <top>48</top>
                    <!-- <left>24</left> -->
                    <control type="image">
                        <width>64</width>
                        <texture background="true" colordiffuse="ffa90007">common/circle.png</texture>
                        <visible>!String.IsEmpty(ListItem.Studio) | !String.IsEmpty(ListItem.Genre)</visible>
                    </control>
                    <control type="image">
                        <top>2</top>
                        <left>2</left>
                        <width>60</width>
                        <height>60</height>
                        <texture colordiffuse="ff000000">special://skin/extras/icons/director.png</texture>
                        <visible>!String.IsEmpty(ListItem.Studio)</visible>
                    </control>
                    <control type="image">
                        <top>2</top>
                        <left>2</left>
                        <width>60</width>
                        <height>60</height>
                        <texture colordiffuse="ff000000">special://skin/extras/icons/folder.png</texture>
                        <visible>String.IsEmpty(ListItem.Studio)</visible>
                    </control>
                    <control type="label">
                        <left>74</left>
                        <top>32</top>
                        <width>680</width>
                        <wrapmultiline>true</wrapmultiline>
                        <label>$INFO[ListItem.Studio]</label>
                        <visible>!String.IsEmpty(ListItem.Studio)</visible>
                    </control>
                    <control type="label">
                        <left>74</left>
                        <top>32</top>
                        <width>680</width>
                        <wrapmultiline>true</wrapmultiline>
                        <label>$INFO[ListItem.Genre]</label>
                        <visible>String.IsEmpty(ListItem.Studio)</visible>
                    </control>
                </control>
            </control>
            <control type="group">
                <width>1770</width>
                <top>532.5</top>
                <include content="Object_Ratings_Content">
                    <param name="top" value="15" />
                    <param name="align" value="right" />
                </include>
            </control>
        </definition>
    </include>

    <include name="Flix_View_52_Showcase_Info2">
        <param name="plotheight" default="200" />
        <definition>
            <control type="grouplist">
                <orientation>vertical</orientation>
                <usecontrolcoords>true</usecontrolcoords>
                <itemgap>0</itemgap>
                <top>-50</top>
                <control type="group">
                    <visible>!$EXP[Exp_HasClearlogo] | !Skin.HasSetting(ShowClearlogo)</visible>
                    <height>90</height>
                    <include content="Flix_Object_Info_Title">
                        <param name="font" value="font_title_medium" />
                        <param name="shadowcolor" value="ff000000" />
                        <param name="titleheight" value="$PARAM[titleheight]" />
                        <param name="top" value="20" />
                    </include>
                </control>
                <control type="group">
                    <visible>$EXP[Exp_HasClearlogo] + Skin.HasSetting(ShowClearlogo)</visible>
                    <height>160</height>
                    <width>660</width>
                    <control type="image">
                        <aspectratio align="left" aligny="center">keep</aspectratio>
                        <texture background="true">$VAR[Image_Clearlogo]</texture>
                    </control>
                </control>
                <include content="Flix_Object_Info_Line">
                    <param name="percentrating" value="false" />
                </include>
                <control type="group">
                    <visible>$EXP[Exp_HasClearlogo] + Skin.HasSetting(ShowClearlogo)</visible>
                    <include content="Flix_Object_Info_Plot">
                        <param name="height" value="$PARAM[plotheight]" />
                        <param name="top" value="10" />
                        <param name="shadowcolor" value="ff000000" />
                    </include>
                </control>
                <control type="group">
                    <visible>!$EXP[Exp_HasClearlogo] | !Skin.HasSetting(ShowClearlogo)</visible>
                    <include content="Flix_Object_Info_Plot">
                        <param name="height" value="320" />
                        <param name="top" value="10" />
                        <param name="shadowcolor" value="ff000000" />
                    </include>
                </control>
            </control>
            <control type="group">
                <width>1770</width>
                <top>395</top>
                <include content="Object_Ratings_Content">
                    <param name="top" value="15" />
                    <param name="align" value="right" />
                </include>
            </control>
        </definition>
    </include>

    <include name="View_52_Showcase_Aura_Info">
        <param name="plotheight" default="280" />
        <param name="plotheight_clearlogo" default="200" />
        <definition>
            <control type="grouplist">
                <top>-30</top>
                <orientation>vertical</orientation>
                <usecontrolcoords>true</usecontrolcoords>
                <itemgap>0</itemgap>
                <visible>String.IsEmpty(ListItem.ChannelName)</visible>
                <include content="Flix_Object_Info_Title">
                    <param name="font" value="$PARAM[font]" />
                    <param name="titleheight" value="$PARAM[titleheight]" />
                    <param name="visible" value="!$EXP[Exp_HasClearlogo] | !Skin.HasSetting(ShowClearlogo)" />
                </include>
                <control type="group">
                    <visible>$EXP[Exp_HasClearlogo] + Skin.HasSetting(ShowClearlogo)</visible>
                    <height>140</height>
                    <control type="image">
                        <width>640</width>
                        <aspectratio align="left" aligny="center">keep</aspectratio>
                        <texture background="true">$VAR[Image_Clearlogo]</texture>
                    </control>
                </control>
                <include content="Object_Info_Line">
                    <param name="fullgenre" value="true" />
                </include>
                <include content="Object_Ratings_Content">
                    <param name="top" value="10" />
                </include>
                <control type="group">
                    <visible>!$EXP[Exp_HasClearlogo] | !Skin.HasSetting(ShowClearlogo)</visible>
                    <include content="Object_Info_Plot">
                        <param name="maxheight" value="$PARAM[plotheight]" />
                    </include>
                </control>
                <control type="group">
                    <visible>$EXP[Exp_HasClearlogo] + Skin.HasSetting(ShowClearlogo)</visible>
                    <include content="Object_Info_Plot">
                        <param name="maxheight" value="$PARAM[plotheight_clearlogo]" />
                    </include>
                </control>
            </control>
            <!-- FOR LIVETV WIDGET -->
            <control type="grouplist">
                <top>-15</top>
                <orientation>vertical</orientation>
                <usecontrolcoords>true</usecontrolcoords>
                <itemgap>0</itemgap>
                <visible>!String.IsEmpty(ListItem.ChannelName)</visible>
                <include content="Object_Info_Title">
                    <param name="font" value="$PARAM[font]" />
                    <param name="titleheight" value="$PARAM[titleheight]" />
                    <param name="label" value="$INFO[ListItem.Title]" />
                </include>
                <include>Object_Info_Line_PVR</include>
                <control type="progress">
                    <left>pad</left>
                    <width>1750</width>
                    <height>10</height>
                    <reveal>true</reveal>
                    <top>15</top>
                    <visible>ListItem.HasEpg</visible>
                    <info>ListItem.Progress</info>
                    <colordiffuse>Selected</colordiffuse>
                </control>
                <control type="group">
                    <control type="image">
                        <visible>!String.IsEmpty(ListItem.EPGEventIcon)</visible>
                        <top>30</top>
                        <left>-15</left>
                        <height>243</height>
                        <width>432</width>
                        <bordersize>15</bordersize>
                        <bordertexture border="30" colordiffuse="Shadow">common/shadow-15.png</bordertexture>
                        <texture colordiffuse="main_bg_30" border="10">diffuse/box.png</texture>
                    </control>
                    <control type="image">
                        <visible>!String.IsEmpty(ListItem.EPGEventIcon)</visible>
                        <top>30</top>
                        <left>-15</left>
                        <bordersize>16</bordersize>
                        <height>243</height>
                        <width>432</width>
                        <texture background="true" diffuse="diffuse/landscape-wall.png">$INFO[ListItem.EPGEventIcon]</texture>
                    </control>
                    <control type="image">
                        <visible>String.IsEmpty(ListItem.EPGEventIcon)</visible>
                        <top>30</top>
                        <left>20</left>
                        <texture>$INFO[ListItem.Icon]</texture>
                        <aspectratio aligny="center" align="center">keep</aspectratio>
                        <width>330</width>
                        <height>198</height>
                    </control>
                    <include content="Object_Info_Plot">
                        <param name="maxheight" value="243" />
                        <left>425</left>
                        <top>35</top>
                    </include>
                </control>               
            </control>
        </definition>
    </include>

    <include name="View_520_Showcase_Aura_Info">
        <control type="grouplist">
            <orientation>vertical</orientation>
            <usecontrolcoords>true</usecontrolcoords>
            <itemgap>0</itemgap>
            <include>Object_Info_Title</include>
            <include>Object_Info_Line</include>
            <include content="Object_Info_Plot">
                <param name="maxheight" value="200" />
            </include>
        </control>
    </include>

    <include name="View_52_Showcase">
        <control type="group">
            <include content="View_Group">
                <param name="animation" value="Defs_Null" />
            </include>
            <visible>Control.IsVisible(52)</visible>
            <include content="View_51_Wall_Container">
                <param name="id" value="52" />
                <param name="height" value="item_row_height" />
                <param name="orientation" value="horizontal" />
                <param name="labelinclude" value="Defs_Null" />
                <param name="controltype" value="fixedlist" />
                <param name="controllayout" value="View_52_Showcase_Layout" />
                <param name="visible" value="$EXP[Exp_View_52] | $EXP[InGameAEL]" />
                <param name="viewtype" value="Poster Showcase" />
                <param name="viewtypename" value="wrap" />
                <include>View_Horizontal_Movement</include>
            </include>
            <include content="View_52_Showcase_Header">
                <param name="id" value="52" />
            </include>
            <include content="View_52_Showcase_Plot">
                <param name="id" value="52" />
            </include>
        </control>
    </include>


    <include name="View_520_Showcase_Square">
        <control type="group">
            <include content="View_Group">
                <param name="animation" value="Defs_Null" />
            </include>
            <visible>Control.IsVisible(520)</visible>
            <include content="View_51_Wall_Container">
                <param name="id" value="520" />
                <param name="itemwidth" value="item_square_width" />
                <param name="height" value="item_row_height" />
                <param name="diffuse" value="diffuse/square-wall.png" />
                <param name="labelinclude" value="Defs_Null" />
                <param name="orientation" value="horizontal" />
                <param name="controltype" value="fixedlist" />
                <param name="controllayout" value="View_520_Showcase_Layout" />
                <param name="visible" value="$EXP[Exp_View_520] | $EXP[InGameAEL]" />
                <param name="viewtype" value="Square Showcase" />
                <param name="viewtypename" value="wrap" />
                <include>View_Horizontal_Movement</include>
            </include>
            <include content="View_52_Showcase_Header">
                <param name="id" value="520" />
            </include>
            <include content="View_52_Showcase_Plot">
                <param name="id" value="520" />
                <param name="ratings" value="false" />
                <param name="plotheight" value="200" />
                <param name="bottom" value="20" />
            </include>
        </control>
    </include>

    <include name="View_527_Showcase_Square2">
        <control type="group">
            <include content="View_Group">
                <param name="animation" value="Defs_Null" />
            </include>
            <visible>Control.IsVisible(527)</visible>
            <include content="View_51_Wall_Container">
                <param name="id" value="527" />
                <param name="itemwidth" value="item_square_width" />
                <param name="height" value="item_row_height" />
                <param name="labelinclude" value="Defs_Null" />
                <param name="diffuse" value="diffuse/square-wall.png" />
                <param name="orientation" value="horizontal" />
                <param name="controltype" value="fixedlist" />
                <param name="controllayout" value="View_52_Showcase_Aura_Layout" />
                <param name="visible" value="$EXP[Exp_View_527]" />
                <param name="viewtype" value="Square Showcase2" />
                <param name="viewtypename" value="wrap" />
                <movement>4</movement>
                <include>View_Horizontal_Movement</include>
            </include>
            <include>View_520_Showcase_Aura_Info</include>
        </control>
    </include>

    <include name="View_525_Showcase_Flix">
        <control type="group">
            <include content="View_Group">
                <param name="animation" value="Defs_Null" />
            </include>
            <visible>Control.IsVisible(525)</visible>

            <include content="View_51_Flix_Container">
                <param name="id" value="525" />
                <param name="height" value="item_cast_height" />
                <param name="orientation" value="horizontal" />
                <param name="controltype" value="fixedlist" />
                <param name="controllayout" value="View_52_Showcase_Aura_Layout" />
                <param name="labelinclude" value="Defs_Null" />
                <param name="diffuse" value="diffuse/landscape-wall.png" />
                <param name="itemwidth" value="item_landscape_width" />
                <param name="itemheight" value="item_cast_height" />
                <param name="icon" value="$VAR[Image_Landscape]" />
                <param name="clearlogo" value="![String.IsEmpty(ListItem.Art(clearlogo)) + String.IsEmpty(ListItem.Art(tvshow.clearlogo)) + String.IsEqual(Container.ShowTitle,ListItem.TvShowTitle)] + [[String.IsEmpty(Container.Art(landscape)) + Skin.HasSetting(LandscapeArt)] + [String.IsEmpty(Container.Art(tvshow.landscape)) + Skin.HasSetting(LandscapeArt)]]" />
                <param name="iconheight" value="item_icon_height" />
                <param name="visible" value="$EXP[Exp_View_525] | $EXP[InGameAEL]" />
                <param name="viewtype" value="Showcase Flix View" />
                <param name="viewtypename" value="wrap" />
                <movement>2</movement>
                <include>View_Horizontal_Movement</include>
            </include>
            <include>View_52_Showcase_Aura_Info</include>
        </control>
    </include>

    <include name="View_526_Flix_Poster">
        <control type="group">
            <include content="View_Group">
                <param name="animation" value="Defs_Null" />
            </include>
            <visible>Control.IsVisible(526)</visible>
            <include content="View_51_Wall_Container">
                <param name="id" value="526" />
                <param name="height" value="item_cast_height" />
                <param name="orientation" value="horizontal" />
                <param name="labelinclude" value="Defs_Null" />
                <param name="controltype" value="fixedlist" />
                <param name="controllayout" value="View_52_Showcase_Aura_Layout" />
                <param name="visible" value="$EXP[Exp_View_526]" />
                <param name="viewtype" value="Flix Poster" />
                <param name="viewtypename" value="wrap" />
                <include>View_Horizontal_Movement</include>
            </include>
            <include>View_52_Showcase_Aura_Info</include>
        </control>
    </include>

    <include name="View_528_Flix_Poster2">
        <control type="group">
            <include content="View_Group">
                <param name="animation" value="Defs_Null" />
            </include>
            <visible>Control.IsVisible(528)</visible>
            <include content="View_51_Wall_Container">
                <param name="id" value="528" />
                <param name="height" value="item_cast_height" />
                <param name="orientation" value="horizontal" />
                <param name="labelinclude" value="Defs_Null" />
                <param name="controltype" value="fixedlist" />
                <param name="controllayout" value="View_52_Showcase_Aura_Layout" />
                <param name="visible" value="$EXP[Exp_View_528]" />
                <param name="viewtype" value="Flix Poster2" />
                <param name="viewtypename" value="wrap" />
                <include>View_Horizontal_Movement</include>
            </include>
            <include>Flix_View_52_Showcase_Info2</include>
        </control>
    </include>

    <include name="View_529_Flix_Landscape">
        <control type="group">
            <include content="View_Group">
                <param name="animation" value="Defs_Null" />
            </include>
            <visible>Control.IsVisible(529)</visible>
            <include content="View_51_Flix_Container">
                <param name="id" value="529" />
                <param name="height" value="item_cast_height" />
                <param name="orientation" value="horizontal" />
                <param name="controltype" value="fixedlist" />
                <param name="controllayout" value="View_52_Showcase_Aura_Layout" />
                <param name="labelinclude" value="View_51_Flix_Label" />
                <param name="diffuse" value="diffuse/landscape-wall.png" />
                <param name="itemwidth" value="450" />
                <param name="itemheight" value="item_cast_height" />
                <param name="icon" value="$VAR[Image_Landscape]" />
                <param name="iconheight" value="254" />
                <param name="visible" value="$EXP[Exp_View_529]" />
                <param name="viewtype" value="Flix Landscape" />
                <param name="viewtypename" value="wrap" />
                <movement>3</movement>
                <include>View_Horizontal_Movement</include>
            </include>
            <include>Flix_View_52_Showcase_Info2</include>
        </control>
    </include>

    <include name="View_521_Showcase_Landscape">
        <control type="group">
            <include content="View_Group">
                <param name="animation" value="Defs_Null" />
            </include>
            <visible>Control.IsVisible(521)</visible>
            <include content="View_51_Wall_Container">
                <param name="id" value="521" />
                <param name="height" value="423.75" />
                <param name="labelinclude" value="Defs_Null" />
                <param name="orientation" value="horizontal" />
                <param name="controltype" value="fixedlist" />
                <param name="controllayout" value="View_521_Showcase_Layout" />
                <param name="diffuse" value="diffuse/landscape-wall.png" />
                <param name="itemwidth" value="item_landscape_width" />
                <param name="itemheight" value="423.75" />
                <param name="icon" value="$VAR[Image_Landscape]" />
                <param name="clearlogo" value="![String.IsEmpty(ListItem.Art(clearlogo)) + String.IsEmpty(ListItem.Art(tvshow.clearlogo)) + String.IsEqual(Container.ShowTitle,ListItem.TvShowTitle)] + [[String.IsEmpty(Container.Art(landscape)) + Skin.HasSetting(LandscapeArt)] + [String.IsEmpty(Container.Art(tvshow.landscape)) + Skin.HasSetting(LandscapeArt)]]" />
                <param name="iconheight" value="item_icon_height" />
                <param name="visible" value="$EXP[Exp_View_521] | $EXP[InGameAEL]" />
                <param name="viewtype" value="Landscape Showcase" />
                <param name="viewtypename" value="wrap" />
                <include>View_Horizontal_Movement</include>
            </include>
            <include content="View_52_Showcase_Header">
                <param name="id" value="521" />
            </include>
            <include content="View_52_Showcase_Plot">
                <param name="id" value="521" />
            </include>
        </control>
    </include>

    <include name="View_522_Showcase_Seasons">
        <control type="group">
            <include content="View_Group">
                <param name="animation" value="Defs_Null" />
            </include>
            <visible>Control.IsVisible(522)</visible>

            <include content="View_51_Wall_Container">
                <param name="id" value="522" />
                <param name="height" value="item_row_height" />
                <param name="viewtype" value="Season Info" />
                <param name="viewtypename" value="biglist" />
                <param name="visible" value="$EXP[Exp_View_522]" />
                <param name="orientation" value="horizontal" />
                <param name="controllayout" value="View_514_Wall_Info_Layout" />
                <width>1028.56</width>
                <onup>300</onup>
                <ondown condition="!Container(5229).IsUpdating">SetFocus(5229,0,absolute)</ondown>
                <onright>522</onright>
                <onleft>522</onleft>
            </include>

            <include content="View_522_Showcase_Seasons_Info">
                <param name="visible" value="!Control.HasFocus(5229)" />
                <param name="iconvisible" value="!String.IsEmpty(Container(522).ListItem.Art(fanart))" />
                <param name="icon" value="$VAR[Image_Landscape]" />
                <param name="title" value="$INFO[Container(522).ListItem.TvShowTitle]" />
                <param name="plot" value="$VAR[Label_Plot]" />
                <param name="seasons" value="true" />
            </include>

            <include content="View_522_Showcase_Seasons_Info">
                <param name="visible" value="Control.HasFocus(5229)" />
                <param name="iconvisible" value="true" />
                <param name="icon" value="$INFO[Container(5229).ListItem.Art(thumb)]" />
                <param name="title" value="$INFO[Container(5229).ListItem.Title]" />
                <param name="plot" value="$INFO[Container(5229).ListItem.Plot]" />
                <param name="seasons" value="false" />
            </include>

            <include content="View_50_List_Control">
                <param name="top" value="390" />
                <param name="height" value="390" />
                <param name="right" value="771.44" />
                <param name="id" value="5229" />
                <param name="visible" value="Control.IsVisible(522) + !Container(522).ListItem.IsParentFolder" />
                <param name="controllayout" value="Defs_Null" />
                <param name="controltype" value="fixedlist" />
                <param name="flipsides" value="Skin.HasSetting(FlipSide)" />
                <animation effect="fade" start="100" end="0" condition="Container(5229).IsUpdating">Conditional</animation>
                <movement>2</movement>
                <focusposition>2</focusposition>
                <onleft>SetFocus(5229,0,absolute)</onleft>
                <onleft>522</onleft>
                <onright>SetFocus(5229,0,absolute)</onright>
                <onright>522</onright>
                <onup>522</onup>
                <ondown>noop</ondown>
                <onback>SetFocus(5229,0,absolute)</onback>
                <onback>522</onback>
                <content target="videos" sortby="episode" sortorder="ascending">$INFO[Container(522).ListItem.FolderPath]</content>
            </include>
        </control>
    </include>

    <include name="View_524_Showcase_Seasons">
        <control type="group">
            <include content="View_Group">
                <param name="animation" value="Defs_Null" />
            </include>
            <visible>Control.IsVisible(524)</visible>

            <control type="group">
                <right>761.44</right>
                <include content="View_51_Wall_Container">
                    <param name="id" value="524" />
                    <param name="height" value="view_height" />
                    <param name="viewtype" value="Season Info 2" />
                    <param name="viewtypename" value="biglist" />
                    <param name="visible" value="$EXP[Exp_View_524]" />
                    <param name="orientation" value="vertical" />
                    <param name="controltype" value="fixedlist" />
                    <param name="controllayout" value="View_514_Wall_Info_Layout" />
                    <width>item_poster_width</width>
                    <onleft>300</onleft>
                    <onright condition="!Container(5249).IsUpdating">SetFocus(5249,0,absolute)</onright>
                    <ondown>524</ondown>
                    <onunp>524</onunp>
                </include>
            </control>

            <include content="View_522_Showcase_Seasons_Info">
                <param name="visible" value="!Control.HasFocus(5249)" />
                <param name="iconvisible" value="!String.IsEmpty(Container(524).ListItem.Art(fanart))" />
                <param name="icon" value="$VAR[Image_Landscape]" />
                <param name="title" value="$INFO[Container(524).ListItem.TvShowTitle]" />
                <param name="plot" value="$VAR[Label_Plot]" />
                <param name="seasons" value="true" />
            </include>

            <include content="View_522_Showcase_Seasons_Info">
                <param name="visible" value="Control.HasFocus(5249)" />
                <param name="id" value="5249" />
                <param name="iconvisible" value="true" />
                <param name="icon" value="$INFO[Container(5249).ListItem.Art(thumb)]" />
                <param name="title" value="$INFO[Container(5249).ListItem.Title]" />
                <param name="plot" value="$INFO[Container(5249).ListItem.Plot]" />
                <param name="seasons" value="false" />
            </include>

            <control type="group">
                <left>item_poster_width</left>
                <include content="View_50_List_Control">
                    <param name="top" value="0" />
                    <param name="height" value="view_list_height" />
                    <param name="right" value="771.44" />
                    <param name="id" value="5249" />
                    <param name="visible" value="Control.IsVisible(524) + !Container(524).ListItem.IsParentFolder" />
                    <param name="controllayout" value="Defs_Null" />
                    <param name="controltype" value="list" />
                    <param name="flipsides" value="Skin.HasSetting(FlipSide)" />
                    <animation effect="fade" start="100" end="0" condition="Container(5249).IsUpdating">Conditional</animation>
                    <pagecontrol>64</pagecontrol>
                    <movement>2</movement>
                    <focusposition>2</focusposition>
                    <onleft>SetFocus(5249,0,absolute)</onleft>
                    <onleft>524</onleft>
                    <onright>64</onright>

                    <onup>SetFocus(524)</onup>
                    <onup>Up</onup>
                    <onup>SetFocus(5249,0,absolute)</onup>

                    <ondown>SetFocus(524)</ondown>
                    <ondown>Down</ondown>
                    <ondown>SetFocus(5249,0,absolute)</ondown>

                    <onback>SetFocus(5249,0,absolute)</onback>
                    <onback>524</onback>
                    <content target="videos" sortby="episode" sortorder="ascending">$INFO[Container(524).ListItem.FolderPath]</content>
                </include>
                <control type="scrollbar" id="64">
                    <onback>5249</onback>
                    <centerright>-40</centerright>
                    <width>8</width>
                    <top>0</top>
                    <bottom>0</bottom>
                    <showonepage>false</showonepage>
                    <orientation>vertical</orientation>
                    <onleft>5249</onleft>
                    <texturesliderbackground colordiffuse="main_fg_12" border="4">common/white.png</texturesliderbackground>
                    <texturesliderbar colordiffuse="main_fg_30" border="4">scrollbar/scrollv.png</texturesliderbar>
                    <texturesliderbarfocus colordiffuse="main_fg_100" border="4">scrollbar/scrollv.png</texturesliderbarfocus>
                    <animation effect="fade" start="100" end="0" time="400" condition="!Control.HasFocus(64) + !Container.Scrolling">Conditional</animation>
                    <include>Animation_FadeIn</include>
                    <include>Animation_FadeOut</include>
                </control>
            </control>
        </control>
    </include>

    <include name="View_523_Showcase_Lovefilm_Item">
        <control type="group">
            <centerleft>50%</centerleft>
            <width>1760</width>
            <height>view_list_height</height>
            <include content="Object_Poster">
                <param name="icon" value="$VAR[Image_Fanart]" />
                <param name="aspectratio" value="scale" />
                <param name="diffuse" value="diffuse/lovefilm.png" />
                <param name="fadetime" value="0" />
                <param name="bordersize" value="0" />
            </include>
            <control type="image">
                <bottom>0</bottom>
                <height>300</height>
                <aspectratio scalediffuse="false">stretch</aspectratio>
                <texture diffuse="diffuse/lovefilm.png" colordiffuse="panel_bg">common/gradient-actor.png</texture>
            </control>
        </control>
    </include>

    <include name="View_523_Showcase_Lovefilm">
        <control type="group">
            <top>view_top</top>
            <include>Defs_InfoDialog_Visible</include>
            <include>Animation_Common</include>
            <visible>Control.IsVisible(523)</visible>
            <control type="group">
                <left>view_pad</left>
                <right>view_pad</right>
                <bottom>view_bottom</bottom>
                <control type="group">
                    <left>-15</left>
                    <right>-15</right>
                    <top>-15</top>
                    <bottom>-15</bottom>
                    <include content="Object_Geometric">
                        <param name="diffuse" value="diffuse/lovefilm.png" />
                    </include>
                    <include>Object_DefaultIcon</include>
                </control>
            </control>
            <control type="wraplist" id="523">
                <viewtype label="$LOCALIZE[31231]">bigwrap</viewtype>
                <visible>$EXP[Exp_View_523]</visible>
                <onleft>523</onleft>
                <onright>523</onright>
                <onup>300</onup>
                <centerleft>50%</centerleft>
                <orientation>horizontal</orientation>
                <width>1760</width>
                <height>view_list_height</height>
                <itemlayout width="1760" height="view_list_height">
                    <include>View_523_Showcase_Lovefilm_Item</include>
                </itemlayout>
                <focusedlayout width="1760" height="view_list_height">
                    <include>View_523_Showcase_Lovefilm_Item</include>
                </focusedlayout>
            </control>
            <control type="group">
                <left>view_pad</left>
                <right>view_pad</right>
                <bottom>view_bottom</bottom>
                <control type="group">
                    <right>-15</right>
                    <include>View_WatchedOverlay</include>
                </control>
                <control type="grouplist">
                    <right>40</right>
                    <orientation>vertical</orientation>
                    <align>bottom</align>
                    <height>160</height>
                    <bottom>32</bottom>
                    <left>40</left>
                    <include content="Object_Info_Title">
                        <param name="textcolor" value="panel_fg_100" />
                    </include>
                    <include content="Object_Info_Line">
                        <param name="textcolor" value="panel_fg_100" />
                    </include>
                </control>
            </control>
        </control>
    </include>

</includes>