<?xml version="1.0" encoding="UTF-8"?>
<window id="11112">
	<defaultcontrol>10070</defaultcontrol>
	<animation type="WindowOpen" reversible="false">
		<effect type="fade" delay="160" end="100" time="240" />
	</animation>
	<animation type="WindowClose" reversible="false">
		<effect type="fade" start="100" end="0" time="240" />
	</animation>
	<controls>
		<control type="group" id="10072">
			<width>400</width>
			<control type="group">
				<control type="image">
					<width>400</width>
				    <height>10</height>
					<texture>ap-rounded-black-80.png</texture>
				</control>				
				<control type="image">
				    <top>10</top>
				    <height>40</height>
					<width>400</width>
					<texture>ap-color-black-80.png</texture>
				</control>
				<control type="label" id="10071">
					<height>42</height>
					<width>400</width>
					<font>font14</font>
					<aligny>center</aligny>
					<align>center</align>
					<textcolor>FFFFFFFF</textcolor>
					<label></label>
				</control>
			</control>
			<control type="group" id="10073">
				<control type="image">
					<width>400</width>
					<height>10</height>
					<texture flipy="true">ap-rounded-black-80.png</texture>
				</control>
			</control>
			<control type="panel" id="10070">
				<top>50</top>
				<onleft>10070</onleft>
				<onright>10070</onright>
				<onup>10070</onup>
				<ondown>10070</ondown>
				<orientation>vertical</orientation>
				<itemlayout height="45">
					<control type="image">
						<width>400</width>
						<height>45</height>
						<texture>ap-color-black-80.png</texture>
					</control>
					<control type="label">
						<left>20</left>
						<width>360</width>
						<height>45</height>
						<align>center</align>
						<aligny>center</aligny>
						<font>font13</font>
						<textcolor>FFA0A0A0</textcolor>
						<label>$INFO[ListItem.Label]</label>
					</control>
				</itemlayout>
				<focusedlayout height="45">
					<control type="image">
						<width>400</width>
						<height>45</height>
						<texture>ap-color-black-80.png</texture>
					</control>
					<control type="image">
						<left>10</left>
						<width>380</width>
						<height>45</height>
						<texture colordiffuse="FF2866A4">ap-color-white.png</texture>
					</control>
					<control type="label">
						<left>20</left>
						<width>360</width>
						<height>45</height>
	                    <font>font13</font>
    	                <textcolor>FFFFFFFF</textcolor>
						<align>center</align>
						<aligny>center</aligny>
						<label>$INFO[ListItem.Label]</label>
					</control>
				</focusedlayout>
			</control>
		</control>
	</controls>
</window>
