<?xml version="1.0" encoding="UTF-8"?>
<includes>

    <include name="Furniture_Topbar_Group">
        <control type="group">
            <nested />
            <include>Dimension_Topbar</include>
        </control>
    </include>
    <include name="Furniture_Bottombar_Group">
        <control type="group">
            <nested />
            <include>Dimension_Bottombar</include>
        </control>
    </include>

    <include name="Furniture_Top">
        <include>Furniture_Top_Left</include>
        <include>Furniture_Top_Right</include>
    </include>

    <include name="Furniture_Top_Left">
        <param name="label" default="$VAR[Label_Header_Main]" />
        <param name="enabled">!Skin.HasSetting(Furniture.DisableLeftHeader)</param>
        <param name="minimal">Skin.HasSetting(Furniture.UseMinimalClock)</param>
        <definition>
            <include content="Furniture_Topbar_Group" condition="$PARAM[enabled]">
                <include content="Furniture_Gutters">
                     <include content="Furniture_MainLabel" condition="!$PARAM[minimal]">
                        <param name="id" value="$PARAM[id]" />
                        <aligny>center</aligny>
                        <label>$PARAM[label]</label>
                    </include>
                    <include content="Furniture_MidiLabel" condition="$PARAM[minimal]">
                        <param name="id" value="$PARAM[id]" />
                        <label>$PARAM[label]</label>
                    </include>
                </include>
            </include>
        </definition>
    </include>

    <include name="Furniture_Top_Right">
        <param name="minimal">Skin.HasSetting(Furniture.UseMinimalClock)</param>
        <param name="enabled">!Skin.HasSetting(Furniture.DisableRightHeader)</param>
        <definition>
            <control type="group">
                <visible>!Window.IsVisible(DialogBusy.xml)</visible>
                <visible>!Window.IsVisible(DialogExtendedProgressBar.xml)</visible>
                <!--<visible>!Window.IsVisible(DialogNotification.xml)</visible> -->
                <visible>!Window.IsVisible(DialogVolumeBar.xml) | Player.Muted</visible>
                <include content="Furniture_Topbar_Group" condition="$PARAM[enabled]">
                    <include content="Furniture_Gutters">
                        <visible>!$EXP[Exp_HasFurnitureNowPlaying]</visible>
                        <include content="Object_Control" condition="$PARAM[minimal]">
                            <param name="control">group</param>
                            <right>0</right>
                            <visible>Container.Scrolling + $EXP[Exp_AlphabetTypes_Only]</visible>
                            <animation effect="fade" start="0" end="100" time="200" delay="400" reversible="true">Visible</animation>
                            <animation effect="fade" start="100" end="0" time="200" delay="1200" reversible="true">Hidden</animation>

                            <control type="group">
                                <right>0</right>
                                <width>60</width>
                                <control type="image">
                                    <include content="Dimension_Padding"><param name="pad" value="-24" /></include>
                                    <texture colordiffuse="shadow_hard" border="54">shadows/circle_shadow.png</texture>
                                </control>
                                <control type="image">
                                    <texture colordiffuse="dialog_bg_100" border="30">common/circle.png</texture>
                                </control>
                                <control type="image">
                                    <texture colordiffuse="overlay_soft" border="30">common/circle.png</texture>
                                </control>
                                <control type="label">
                                    <textcolor>dialog_fg_70</textcolor>
                                    <label>$INFO[ListItem.SortLetter]</label>
                                    <align>center</align>
                                    <aligny>center</aligny>
                                    <font>font_main_black</font>
                                </control>
                            </control>
                            <include content="Furniture_Clock_Small">
                                <param name="align" value="right" />
                                <right>80</right>
                            </include>
                        </include>

                        <include content="Furniture_Clock_Small" condition="$PARAM[minimal]">
                            <param name="align" value="right" />
                            <right>0</right>
                            <visible>![Container.Scrolling + $EXP[Exp_AlphabetTypes_Only]]</visible>
                            <animation effect="fade" start="0" end="100" time="200" delay="1200" reversible="true">Visible</animation>
                            <animation effect="fade" start="100" end="0" time="200" delay="400" reversible="true">Hidden</animation>
                        </include>
                        <include content="Object_MenuButton" condition="!$PARAM[minimal]">
                            <param name="icon" value="$PARAM[icon]" />
                            <param name="profileimage" value="$EXP[Exp_HasProfileImage]" />
                            <right>0</right>
                        </include>
                        <include content="Furniture_Clock_Big" condition="!$PARAM[minimal]">
                            <param name="align" value="right" />
                            <right>80</right>
                        </include>
                    </include>
                </include>
                <include content="Furniture_Busy" condition="$PARAM[enabled]">
                    <param name="hasspinner" value="false" />
                    <param name="hasprogress" value="true" />
                    <param name="progress" value="Player.Progress" />
                    <param name="progress_id" value="933" />
                    <param name="hastime" value="true" />
                    <param name="mainlabel" value="$VAR[Label_NowPlayingTitle]" />
                    <param name="minilabel" value="$VAR[Label_NowPlayingSubLabel,, • ]$INFO[Player.Time]$INFO[Player.Duration, / ,]" />
                    <param name="icon" value="$VAR[Image_NowPlaying_PlayPause]" />
                    <visible>$EXP[Exp_HasFurnitureNowPlaying]</visible>
                    <control type="progress" id="933">
                        <height>1</height>
                        <width>1</width>
                        <left>-1000</left>
                        <texturebg></texturebg>
                        <lefttexture></lefttexture>
                        <midtexture></midtexture>
                        <righttexture></righttexture>
                        <info>Player.Progress</info>
                        <visible>false</visible>
                    </control>
                </include>
            </control>
        </definition>
    </include>

    <include name="Furniture_MenuButton">
        <param name="hasclock">true</param>
        <definition>
            <include content="Furniture_Topbar_Group">
                <nested />
                <include content="Furniture_Gutters">
                    <include content="Object_MenuButton">
                        <param name="icon" value="$PARAM[icon]" />
                        <param name="profileimage" value="$EXP[Exp_HasProfileImage]" />
                        <right>0</right>
                    </include>
                    <include content="Furniture_Clock_Big" condition="$PARAM[hasclock]">
                        <param name="align" value="right" />
                        <right>80</right>
                    </include>
                </include>
            </include>
        </definition>
    </include>

    <include name="Furniture_Bottom_Right">
        <param name="enabled">true</param>
        <definition>
            <include content="Furniture_Bottombar_Group" condition="$PARAM[enabled]">
                <include content="Furniture_Gutters">
                    <include>Info_Studio</include>
                </include>
            </include>
        </definition>
    </include>

    <include name="Furniture_Bottom_Left">
        <param name="enabled">!Skin.HasSetting(Furniture.DisableLeftFooter)</param>
        <definition>
            <include content="Furniture_Bottombar_Group" condition="$PARAM[enabled]">
                <include content="Furniture_Gutters">
                    <include content="Info_Codecs">
                        <param name="align" value="left" />
                    </include>
                </include>
            </include>
        </definition>
    </include>

    <include name="Furniture_Bottom">
        <include>Furniture_Bottom_Left</include>
        <include>Furniture_Bottom_Right</include>
    </include>

    <include name="Furniture_Gutters">
        <control type="group">
            <top>view_gutter</top>
            <bottom>view_gutter</bottom>
            <nested />
        </control>
    </include>

    <include name="Furniture_Clock_Small">
        <control type="label">
            <nested />
            <align>$PARAM[align]</align>
            <font>font_head_bold</font><!-- notoco -->
            <textcolor>main_fg_100</textcolor>
            <label>$INFO[System.Time]</label>
        </control>
    </include>


    <include name="Furniture_Clock_Big">
        <control type="group">
            <width>600</width>
            <nested />
            <control type="grouplist">
                <height>50%</height>
                <orientation>horizontal</orientation>
                <align>$PARAM[align]</align>
                <itemgap>10</itemgap>
                <control type="image">
                    <centertop>50%</centertop>
                    <height>40</height>
                    <width>40</width>
                    <aspectratio>keep</aspectratio>
                    <texture colordiffuse="main_fg_100">$INFO[Weather.FanartCode,resource://resource.images.weathericons.white/,.png]</texture>
                    <visible>Weather.IsFetched</visible>
                    <visible>Skin.String(WeatherClock,Large)</visible>
                </control>
                <include content="Furniture_MenuLabel">
                    <label>$INFO[Weather.Temperature]</label>
                    <align>$PARAM[align]</align>
                    <width>auto</width>
                    <visible>Weather.IsFetched</visible>
                    <visible>Skin.String(WeatherClock,Large)</visible>
                </include>
                <include content="Furniture_MenuLabel">
                    <label>•</label>
                    <align>$PARAM[align]</align>
                    <width>auto</width>
                    <textcolor>main_fg_70</textcolor>
                    <textcolor>$VAR[ColorHighlight]</textcolor>
                    <visible>Weather.IsFetched</visible>
                    <visible>Skin.String(WeatherClock,Large)</visible>
                </include>
                <include content="Furniture_MenuLabel">
                    <label>$INFO[System.Time]</label>
                    <align>$PARAM[align]</align>
                    <width>auto</width>
                </include>
            </control>
            <control type="group">
                <bottom>0</bottom>
                <height>50%</height>
                <control type="grouplist">
                    <bottom>-10</bottom>
                    <top>-10</top>
                    <orientation>horizontal</orientation>
                    <align>$PARAM[align]</align>
                    <itemgap>10</itemgap>
                    <visible>$EXP[Exp_HasPagesItems]</visible>
                    <include content="Furniture_MiniLabel">
                        <label>$INFO[Container.CurrentPage,, $LOCALIZE[1443] ]$INFO[Container.NumPages,, $LOCALIZE[31110]]</label>
                        <align>$PARAM[align]</align>
                        <width>auto</width>
                    </include>
                    <include content="Furniture_MiniLabel">
                        <label>•</label>
                        <align>$PARAM[align]</align>
                        <width>auto</width>
                    </include>
                    <include content="Furniture_MiniLabel">
                        <label>$INFO[Container.NumItems,, $LOCALIZE[31022]]</label>
                        <align>$PARAM[align]</align>
                        <width>auto</width>
                    </include>
                </control>
                <control type="grouplist">
                    <bottom>-10</bottom>
                    <top>-10</top>
                    <orientation>horizontal</orientation>
                    <align>$PARAM[align]</align>
                    <itemgap>10</itemgap>
                    <visible>!$EXP[Exp_HasPagesItems]</visible>
                    <control type="image">
                        <centertop>50%</centertop>
                        <height>40</height>
                        <width>40</width>
                        <aspectratio>keep</aspectratio>
                        <texture colordiffuse="main_fg_100">$INFO[Weather.FanartCode,resource://resource.images.weathericons.white/,.png]</texture>
                        <visible>Weather.IsFetched</visible>
                        <visible>Skin.String(WeatherClock,Small)</visible>
                    </control>
                    <include content="Furniture_MiniLabel">
                        <label>$INFO[Weather.Temperature]</label>
                        <align>$PARAM[align]</align>
                        <width>auto</width>
                        <visible>Weather.IsFetched</visible>
                        <visible>Skin.String(WeatherClock,Small)</visible>
                    </include>
                    <include content="Furniture_MiniLabel">
                        <label>•</label>
                        <align>$PARAM[align]</align>
                        <width>auto</width>
                        <visible>Weather.IsFetched</visible>
                        <visible>Skin.String(WeatherClock,Small)</visible>
                    </include>
                    <include content="Furniture_MiniLabel">
                        <label>$INFO[System.Date]</label>
                        <align>$PARAM[align]</align>
                        <width>auto</width>
                    </include>
                </control>
            </control>
        </control>
    </include>

    <include name="Furniture_MainLabel">
        <control type="label" id="$PARAM[id]">
            <font>font_head_black</font>
            <textcolor>main_fg_100</textcolor>
            <nested />
        </control>
    </include>

    <include name="Furniture_MidiLabel">
        <control type="label" id="$PARAM[id]">
            <font>font_huge_black</font><!-- notoco -->
            <textcolor>main_fg_100</textcolor>
            <nested />
        </control>
    </include>

    <include name="Furniture_MenuLabel">
        <control type="label" id="$PARAM[id]">
            <nested />
            <font>font_main_black</font>
            <textcolor>main_fg_100</textcolor>
        </control>
    </include>

    <include name="Furniture_MiniLabel">
        <control type="label" id="$PARAM[id]">
            <nested />
            <font>font_mini_black</font>
            <textcolor>main_fg_70</textcolor>
        </control>
    </include>

    <include name="Furniture_Busy">
        <param name="mainlabel" default="$LOCALIZE[20186]" />
        <param name="minilabel" default="$LOCALIZE[31023]..." />
        <param name="hasspinner" default="true" />
        <param name="hasprogress" default="false" />
        <param name="backing" default="true" />
        <param name="colordiffuse" default="dialog_bg" />
        <param name="groupinclude" default="Furniture_Topbar_Group" />
        <param name="haslabel" default="true" />
        <param name="hastime" default="false" />
        <param name="texture" default="dialog/loading-back.png" />
        <param name="size" default="104" />
        <definition>
            <include content="$PARAM[groupinclude]">
                <nested />
                <animation type="WindowOpen" reversible="false">
                    <effect type="fade" start="0" end="100" time="400" />
                    <effect type="slide" start="0,-80" end="0,0" time="400"/>
                </animation>
                    <animation type="WindowClose" reversible="false">
                    <effect type="fade" start="100" end="0" time="400" />
                    <effect type="slide" start="0,0" end="0,-80" time="400" />
                </animation>
                <include content="Furniture_Gutters">
                    <width>700</width>
                    <height>40</height>
                    <centerleft>50%</centerleft>
                <control type="group">
                    <top>-320</top>
                    <width>700</width>
                    <centerleft>50%</centerleft>
                    <control type="image">
                        <texture colordiffuse="dialog_bg_70" border="20">common/dialog2.png</texture>
                    </control>
                </control>
                    <control type="group">
                        <top>-60</top>
                        <width>60</width>
                        <right>10</right>
                        <include content="Object_BusySpinner">
                            <param name="haslabel" value="false" />
                            <param name="hasspinner" value="$PARAM[hasspinner]" />
                            <param name="hasprogress" value="$PARAM[hasprogress]" />
                            <param name="colordiffuse" value="$PARAM[colordiffuse]" />
                            <param name="texture" value="$PARAM[texture]" />
                            <param name="size" value="80" />
                            <param name="progress" value="$PARAM[progress]" />
                            <param name="progress_id" value="$PARAM[progress_id]" />
                            <param name="icon" value="$PARAM[icon]" />
                            <param name="spinprogress" value="$PARAM[spinprogress]" />
                        </include>
                    </control>
                    <control type="group">
                        <right>100</right>
                        <top>-60</top>
                        <control type="grouplist">
                            <orientation>horizontal</orientation>
                            <align>left</align>
                            <left>20</left>
                            <itemgap>10</itemgap>
                            <include content="Furniture_MenuLabel" condition="$PARAM[haslabel]">
                                <param name="id" value="$PARAM[mainlabel_id]" />
                                <label>$PARAM[mainlabel]</label>
                                <font>font_mini_black</font>
                                <width max="480">auto</width>
                                <height>20</height>
                                <top>0</top>
                            </include>
                        </control>
                        <include content="Furniture_MiniLabel" condition="$PARAM[haslabel]">
                            <param name="id" value="$PARAM[minilabel_id]" />
                            <label>$PARAM[minilabel]</label>
                            <font>font_tiny_black</font>
                            <align>left</align>
                            <left>20</left>
                            <top>30</top>
                            <height>20</height>
                        </include>
                    </control>
                </include>
            </include>
        </definition>
    </include>

</includes>
