<?xml version="1.0" encoding="UTF-8"?>
<window>
    <views>52,53,10,50,51</views>
    <defaultcontrol always="true">10</defaultcontrol>
    <menucontrol>9000</menucontrol>
    <include>Action_Blur_Onload</include>

    <controls>
        <include>Defs_TMDbHelper_Loader</include>
        <include>Background_Main</include>
        <control type="group">
            <include>View_Visibility_Common</include>
            <include>Dimension_Info</include>
            <include>View_PVR_FullInfo</include>
            <control type="group">
                <include>Animation_Foreground_SlideUp</include>
                <include>View_010_PVRGuide_Peek_SmallRow</include>
                <include>View_050_PVRGuide_Full_SmallRow</include>
                <include>View_051_PVRGuide_Info_SmallRow</include>
                <include>View_052_PVRGuide_Info_LargeRow</include>
                <include>View_053_PVRGuide_Pane_LargeRow</include>
            </control>
        </control>

        <!-- Menu bar -->
        <include>View_PVR_GroupSwitcher</include>
        <include>View_Furniture_Top</include>
        <include content="Object_Options_Menu">
            <param name="grouplist_items" value="Items_MyEPGNav" />
            <param name="visible" value="!Window.IsVisible(DialogSelect.xml) + !Window.IsVisible(1113)" />
            <param name="action_include" value="Action_OptionsMenu_PVRGuide" />
            <param name="use_mouse_focus">true</param>
        </include>
        <include content="Object_Hidden_Button">
            <param name="id" value="9900" />
            <onfocus>menu</onfocus>
        </include>

    </controls>

</window>
