<?xml version="1.0" encoding="UTF-8" standalone="yes"?>
<addon id="script.notoco.helper" name="pomocnik notoco" version="1.2" provider-name="notoco">
    <requires>
        <import addon="xbmc.python" version="3.0.0"/>
    </requires>
    <extension point="xbmc.python.script" library="addon.py" />
    <extension point="xbmc.service" library="autoexec.py" />
    <extension point="xbmc.addon.metadata">
        <platform>all</platform>
        <summary lang="en">Pomocne skróty</summary>
        <assets>
            <icon>icon.png</icon>
        </assets>
    </extension>
</addon>
