<?xml version="1.0" encoding="UTF-8"?>
<includes>

    <include name="OSD_Music_Title">
        <param name="font">font_info_black</param>
        <definition>
            <control type="textbox">
                <height max="137">auto</height>
                <width>460</width>
                <label>$VAR[Label_OSD_Title]</label>
                <textcolor>panel_fg_100</textcolor>
                <font>$PARAM[font]_doublerow</font>
            </control>
        </definition>
    </include>

    <include name="OSD_PlaySpeed_Label">
        <param name="width">52</param>
        <param name="selected">false</param>
        <param name="textcolor">dialog_fg_70</param>
        <definition>
            <control type="label">
                <font>font_tiny</font>
                <label>$PARAM[label]</label>
                <include content="Object_TextColor" condition="$PARAM[selected]">
                    <param name="textcolor">$VAR[ColorSelected]</param>
                </include>
                <textcolor>$PARAM[textcolor]</textcolor>
                <width>$PARAM[width]</width>
                <align>center</align>
            </control>
        </definition>
    </include>

    <include name="OSD_Menu_Back">
        <control type="group">
            <include>Dialog_Background</include>
            <control type="image">
                <bottom>-16</bottom>
                <centerright>$PARAM[arrow_pos]</centerright>
                <height>16</height>
                <width>16</width>
                <texture colordiffuse="dialog_bg_100" flipy="true">arrows/arrow-menu-up.png</texture>
            </control>
            <nested />
            <bottom>200</bottom>
        </control>
    </include>

    <include name="OSD_Codecs_FPS">
        <control type="group">
            <width>48</width>
            <height>48</height>
            <centertop>50%</centertop>
            <visible>!String.IsEmpty(Player.Process(VideoFPS)) + Integer.IsGreater(Player.Process(VideoFPS),0)</visible>
            <control type="image">
                <width>64</width>
                <centerleft>50%</centerleft>
                <texture colordiffuse="$PARAM[color_fg_70]">flags/$PARAM[directory]/other/fps.png</texture>
                <aspectratio align="center">keep</aspectratio>
            </control>
            <control type="label">
                <height>24</height>
                <bottom>3</bottom>
                <width>64</width>
                <centerleft>50%</centerleft>
                <textcolor>$PARAM[color_fg_70]</textcolor>
                <font>font_hint</font>
                <label>$INFO[Player.Process(VideoFPS)]</label>
                <align>center</align>
                <aligny>center</aligny>
            </control>
        </control>
    </include>

    <include name="OSD_Codecs_Mono">
        <definition>
            <control type="grouplist">
                <nested />
                <orientation>horizontal</orientation>
                <itemgap>29</itemgap>
                <usecontrolcoords>true</usecontrolcoords>
                <align>center</align>
                <!-- Resolution -->
                <include content="Object_Control">
                    <param name="control">group</param>
                    <centertop>50%</centertop>
                    <width>42</width>
                    <height>44</height>
                    <control type="image">
                        <centerleft>50%</centerleft>
                        <centertop>50%</centertop>
                        <width>64</width>
                        <height>44</height>
                        <aspectratio>keep</aspectratio>
                        <texture fallback="flags/generic.png" colordiffuse="$PARAM[color_fg_90]">flags/monochrome/resolution/$INFO[VideoPlayer.VideoResolution].png</texture>
                    </control>
                    <visible>!String.IsEmpty(VideoPlayer.VideoResolution)</visible>
                </include>
                <!-- AspectRatio -->
                <include content="Info_Codecs_StackedText">
                    <param name="toplabel">$INFO[VideoPlayer.VideoCodec]</param>
                    <param name="bottomlabel">$INFO[VideoPlayer.VideoAspect,,:1]</param>
                    <param name="topcolor">$PARAM[color_fg_70]</param>
                    <param name="bottomcolor">$PARAM[color_fg_70]</param>
                    <visible>!String.IsEmpty(VideoPlayer.VideoCodec)</visible>
                    <visible>!String.IsEmpty(VideoPlayer.VideoAspect)</visible>
                </include>
                <!-- FPS Rate -->
                <include content="OSD_Codecs_FPS">
                    <param name="color_fg_70">$PARAM[color_fg_70]</param>
                    <param name="directory">monochrome</param>
                </include>

                <!-- Audio Codec -->
                <include content="Object_Control">
                    <param name="control">group</param>
                    <centertop>50%</centertop>
                    <width>60</width>
                    <height>48</height>
                    <control type="image">
                        <centerleft>50%</centerleft>
                        <centertop>50%</centertop>
                        <width>100</width>
                        <height>48</height>
                        <aspectratio>keep</aspectratio>
                        <texture fallback="flags/generic.png" colordiffuse="$PARAM[color_fg_90]">$VAR[Image_OSD_AudioCodec_Mono]</texture>
                    </control>
                    <visible>!String.IsEmpty(VideoPlayer.AudioCodec)</visible>
                </include>
                <!-- Audio Channels -->
                <include content="Info_Codec_AudioChannels">
                    <param name="type">VideoPlayer</param>
                    <param name="channelscolor">$PARAM[color_fg_70]</param>
                    <param name="iconcolor">$PARAM[color_fg_70]</param>
                    <param name="imagecolor">$PARAM[color_fg_30]</param>
                </include>
            </control>
        </definition>
    </include>

    <include name="OSD_Stream_Selector_Layout">
        <param name="selected" default="false" />
        <param name="color_fg" default="dialog_fg_70" />
        <param name="enabled" default="true" />
        <definition>
            <include content="Object_Control" condition="$PARAM[selected]">
                <param name="control" value="image" />
                <include>Texture_Highlight</include>
            </include>
            <control type="group">
                <left>grid_x04</left>
                <right>20</right>
                <control type="label">
                    <textcolor>$PARAM[color_fg]</textcolor>
                    <label>$VAR[Label_StreamLanguage,[UPPERCASE],[/UPPERCASE]]$INFO[ListItem.Label2, | ,]</label>
                </control>
                <control type="label">
                    <right>grid_x24</right>
                    <align>right</align>
                    <label>$VAR[Label_PlayerStream_IsForced,  ,]$VAR[Label_PlayerStream_IsDefault,  ,]$VAR[Label_PlayerStream_IsOriginal,  ,]$INFO[ListItem.Property(codec),  ,]$INFO[ListItem.Property(channels),  , $LOCALIZE[10127]]$INFO[ListItem.Property(bitrate),  , bps]</label>
                    <bottom>2</bottom>
                    <font>font_tiny_bold</font>
                    <textcolor>$PARAM[color_fg]</textcolor>
                </control>

                <control type="image">
                    <right>120</right>
                    <top>-1</top>
                    <bottom>1</bottom>
                    <width>grid_x08</width>
                    <bordersize>22</bordersize>
                    <aspectratio align="right">keep</aspectratio>
                    <texture colordiffuse="$PARAM[color_fg]">flags/cc.png</texture>
                    <animation effect="fade" end="33" condition="String.IsEmpty(ListItem.Property(isimpaired))">Conditional</animation>
                </control>

                <control type="image">
                    <right>60</right>
                    <width>grid_x08</width>
                    <bordersize>28</bordersize>
                    <aspectratio align="right">keep</aspectratio>
                    <texture colordiffuse="$PARAM[color_fg]">$VAR[Image_IsCurrentStream]</texture>
                    <visible>$PARAM[enabled]</visible>
                </control>
                <control type="image">
                    <right>60</right>
                    <width>grid_x08</width>
                    <bordersize>28</bordersize>
                    <aspectratio align="right">keep</aspectratio>
                    <texture colordiffuse="$PARAM[color_fg]">buttons/check-off.png</texture>
                    <visible>!$PARAM[enabled]</visible>
                </control>

                <control type="image">
                    <right>0</right>
                    <width>grid_x08</width>
                    <bordersize>18</bordersize>
                    <aspectratio align="right">keep</aspectratio>
                    <texture>$INFO[ListItem.Property(language),flags/color/language/,.png]</texture>
                </control>
            </control>
        </definition>
    </include>

    <include name="OSD_Stream_Selector">
        <param name="width" default="1040" />
        <param name="enabled" default="true" />
        <param name="toggle" default="false" />
        <definition>
            <control type="group">
                <include>Animation_SlideIn_Dialog</include>
                <right>40</right>
                <width>$PARAM[width]</width>
                <bottom>200</bottom>
                <height>700</height>
                <control type="group">
                    <animation effect="slide" start="0" end="0,80" condition="Integer.IsEqual(Container($PARAM[id]).NumItems,6)">Conditional</animation>
                    <animation effect="slide" start="0" end="0,160" condition="Integer.IsEqual(Container($PARAM[id]).NumItems,5)">Conditional</animation>
                    <animation effect="slide" start="0" end="0,240" condition="Integer.IsEqual(Container($PARAM[id]).NumItems,4)">Conditional</animation>
                    <animation effect="slide" start="0" end="0,320" condition="Integer.IsEqual(Container($PARAM[id]).NumItems,3)">Conditional</animation>
                    <animation effect="slide" start="0" end="0,400" condition="Integer.IsEqual(Container($PARAM[id]).NumItems,2)">Conditional</animation>
                    <animation effect="slide" start="0" end="0,480" condition="Integer.IsLess(Container($PARAM[id]).NumItems,2)">Conditional</animation>
                    <include content="Dialog_Background">
                        <height>700</height>
                        <visible>Integer.IsGreater(Container($PARAM[id]).NumItems,6)</visible>
                    </include>
                    <include content="Dialog_Background">
                        <height>620</height>
                        <visible>Integer.IsEqual(Container($PARAM[id]).NumItems,6)</visible>
                    </include>
                    <include content="Dialog_Background">
                        <height>540</height>
                        <visible>Integer.IsEqual(Container($PARAM[id]).NumItems,5)</visible>
                    </include>
                    <include content="Dialog_Background">
                        <height>460</height>
                        <visible>Integer.IsEqual(Container($PARAM[id]).NumItems,4)</visible>
                    </include>
                    <include content="Dialog_Background">
                        <height>380</height>
                        <visible>Integer.IsEqual(Container($PARAM[id]).NumItems,3)</visible>
                    </include>
                    <include content="Dialog_Background">
                        <height>300</height>
                        <visible>Integer.IsEqual(Container($PARAM[id]).NumItems,2)</visible>
                    </include>
                    <include content="Dialog_Background">
                        <height>220</height>
                        <visible>Integer.IsLess(Container($PARAM[id]).NumItems,2)</visible>
                    </include>
                    <include content="Object_MenuHeader">
                        <param name="label" value="$PARAM[header]" />
                    </include>
                    <control type="panel" id="$PARAM[id]">
                        <top>120</top>
                        <bottom>20</bottom>
                        <ondown>$PARAM[buttonid]</ondown>
                        <onleft>$PARAM[buttonid]</onleft>
                        <onright>$PARAM[buttonid]</onright>
                        <onup>noop</onup>
                        <itemlayout height="grid_x08">
                            <include content="OSD_Stream_Selector_Layout">
                                <param name="enabled" value="$PARAM[enabled]" />
                            </include>
                        </itemlayout>
                        <focusedlayout height="grid_x08">
                            <include content="OSD_Stream_Selector_Layout">
                                <param name="selected" value="true" />
                                <param name="color_fg" value="$VAR[ColorSelected]" />
                                <param name="enabled" value="$PARAM[enabled]" />
                            </include>
                        </focusedlayout>
                        <content>plugin://script.skinvariables?info=get_player_streams&amp;stream_type=$PARAM[stream_type]&amp;reload=$INFO[Window.Property(UID)]</content>
                        <onclick condition="$PARAM[toggle] + !String.IsEmpty(ListItem.Property(iscurrent))">Action(ShowSubtitles)</onclick>
                        <onclick condition="![$PARAM[toggle] + !String.IsEmpty(ListItem.Property(iscurrent))]">Runscript(script.skinvariables,$PARAM[method]=$INFO[ListItem.Property(index)],reload_property=UID)</onclick>

                    </control>
                </control>
                <control type="image">
                    <bottom>-16</bottom>
                    <centerright>$PARAM[nibpos]</centerright>
                    <height>16</height>
                    <width>16</width>
                    <texture colordiffuse="dialog_bg_100" flipy="true">arrows/arrow-menu-up.png</texture>
                </control>
                <nested />
            </control>
        </definition>
    </include>

    <include name="OSD_Stream_Selector_Loading">
        <control type="group">
            <bottom>20</bottom>
            <left>40</left>
            <height>80</height>
            <control type="label">
                <textcolor>dialog_fg_70</textcolor>
                <label>$LOCALIZE[31023]...</label>
                <visible>Container(9000).IsUpdating + Integer.IsEqual(Container(9000).NumItems,0)</visible>
            </control>
            <control type="label">
                <textcolor>dialog_fg_70</textcolor>
                <label>$LOCALIZE[31379]</label>
                <visible>!Container(9000).IsUpdating + Integer.IsEqual(Container(9000).NumItems,0)</visible>
            </control>
        </control>
    </include>

    <include name="OSD_Button_HintLabel">
        <label>[CR][CR][CR]$PARAM[label]</label>
        <textcolor>main_fg_90</textcolor>
        <focusedcolor>main_fg_90</focusedcolor>
        <shadowcolor>shadow_hard</shadowcolor>
        <font>font_hint</font>
        <align>center</align>
        <aligny>top</aligny>
        <textoffsetx>0</textoffsetx>
    </include>

    <include name="OSD_Button">
        <param name="size" default="60" />
        <param name="bordersize" default="6" />
        <param name="itemgap" default="30" />
        <param name="visible" default="true" />
        <param name="flipx" default="false" />
        <param name="icon_colordiffuse" default="dialog_fg_70" />
        <param name="back_colordiffuse" default="dialog_bg_100" />
        <param name="vertical" default="false" />
        <param name="autoclose" default="false" />
        <definition>
            <control type="button" id="$PARAM[id]">
                <height>$PARAM[size]</height>
                <width>$PARAM[size]</width>
                <texturefocus flipy="true">special://profile/addon_data/script.texturemaker/ArcticHorizon/circle_v.png</texturefocus>
                <texturenofocus colordiffuse="$PARAM[back_colordiffuse]">common/circle.png</texturenofocus>
                <visible>$PARAM[visible]</visible>
                <include condition="$PARAM[autoclose]">Action_OSD_Button_OnFocus</include>
                <nested />
            </control>
            <control type="group" id="$PARAM[groupid]">
                <include content="Object_Left" condition="!$PARAM[vertical]">
                    <param name="left">-$PARAM[itemgap]</param>
                </include>
                <include content="Object_Width" condition="!$PARAM[vertical]">
                    <param name="width">0</param>
                </include>
                <include content="Object_Top" condition="$PARAM[vertical]">
                    <param name="top">-$PARAM[itemgap]</param>
                </include>
                <include content="Object_Height" condition="$PARAM[vertical]">
                    <param name="height">0</param>
                </include>
                <control type="group">
                    <include content="Object_Left" condition="!$PARAM[vertical]">
                        <param name="left">-$PARAM[size]</param>
                    </include>
                    <include content="Object_Top" condition="$PARAM[vertical]">
                        <param name="top">-$PARAM[size]</param>
                    </include>
                    <visible>$PARAM[visible]</visible>
                    <control type="image">
                        <bordersize>$PARAM[bordersize]</bordersize>
                        <height>$PARAM[size]</height>
                        <width>$PARAM[size]</width>
                        <texture colordiffuse="$PARAM[icon_colordiffuse]" flipx="$PARAM[flipx]">$PARAM[icon]</texture>
                        <visible>!Control.HasFocus($PARAM[id])</visible>
                    </control>
                    <control type="image">
                        <bordersize>$PARAM[bordersize]</bordersize>
                        <height>$PARAM[size]</height>
                        <width>$PARAM[size]</width>
                        <texture colordiffuse="$VAR[ColorSelected]" flipx="$PARAM[flipx]">$PARAM[icon]</texture>
                        <visible>Control.HasFocus($PARAM[id])</visible>
                    </control>
                </control>
            </control>
        </definition>
    </include>

    <include name="OSD_Progress_Details">
        <include content="Info_Title_Label_Hidden">
            <param name="label">$VAR[Label_OSD_Title]</param>
        </include>
        <control type="grouplist">
            <align>bottom</align>
            <left>view_pad</left>
            <right>view_pad</right>
            <bottom>200</bottom>
            <orientation>vertical</orientation>
            <control type="group">
                <height>120</height>
                <width>960</width>
                <include content="Info_Title_Label">
                    <param name="colordiffuse">panel_fg</param>
                    <param name="label">$VAR[Label_OSD_Title]</param>
                    <visible>String.IsEmpty(Window(Home).Property(TMDBHelper.Player.CropImage))</visible>
                </include>
                <control type="image">
                    <height>120</height>
                    <aspectratio align="left">keep</aspectratio>
                    <fadetime>600</fadetime>
                    <texture background="true">$INFO[Window(Home).Property(TMDBHelper.Player.CropImage)]</texture>
                    <visible>!String.IsEmpty(Window(Home).Property(TMDBHelper.Player.CropImage))</visible>
                </control>
            </control>
            <control type="group">
                <height>40</height>
                <include content="Info_Line">
                    <param name="player" value="true" />
                    <param name="colordiffuse" value="panel_fg" />
                    <centertop>50%</centertop>
                </include>
            </control>
        </control>
    </include>

    <include name="OSD_Progress_Labels">
        <control type="label">
            <height>40</height>
            <left>view_pad</left>
            <right>view_pad</right>
            <bottom>200</bottom>
            <align>right</align>
            <aligny>center</aligny>
            <label>$VAR[Label_OSD_Time][COLOR=$VAR[ColorHighlight]]  |  [/COLOR]$VAR[Label_OSD_Duration]</label>
            <textcolor>panel_fg_100</textcolor>
            <font>font_main</font>
        </control>
    </include>

    <include name="OSD_Progress_BarControls">
        <control type="progress" description="cache">
            <width>100%</width>
            <height>12</height>
            <info>Player.ProgressCache</info>
            <texturebg colordiffuse="00ffffff">progress/progress-bg.png</texturebg>
            <lefttexture colordiffuse="panel_fg_12">progress/progress-left.png</lefttexture>
            <midtexture colordiffuse="panel_fg_12">progress/progress-end.png</midtexture>
            <righttexture colordiffuse="panel_fg_12">progress/progress-right.png</righttexture>
            <visible>Player.Playing | Player.Paused | Player.Caching</visible>
            <visible>!Player.Seeking</visible>
            <visible>Player.HasMedia</visible>
        </control>

        <control type="progress" id="499">
            <width>100%</width>
            <height>12</height>
            <info>Player.Progress</info>
            <visible>Player.HasMedia + !Pvr.IsPlayingTv</visible>
            <texturebg colordiffuse="panel_fg_20" border="4">progress/progress-bg.png</texturebg>
        </control>

        <control type="progress">
            <description>Progressbar</description>
            <width>100%</width>
            <height>12</height>
            <info>Player.Progress</info>
            <texturebg colordiffuse="00ffffff">progress/progress-bg.png</texturebg>
            <lefttexture colordiffuse="00ffffff">progress/progress-left.png</lefttexture>
            <midtexture colordiffuse="$VAR[ColorGradient]" diffuse="progress/diffuse.png">progress/progress-end.png</midtexture>
            <righttexture colordiffuse="$VAR[ColorGradient]" diffuse="progress/diffuse-end.png">progress/progress-right.png</righttexture>
            <include content="Defs_Progress_Colorfade">
                <param name="id" value="499" />
            </include>
            <visible>Player.HasMedia + !Pvr.IsPlayingTv</visible>
        </control>

        <control type="progress" id="498">
            <width>100%</width>
            <height>12</height>
            <info>PVR.EpgEventProgress</info>
            <visible>Pvr.IsPlayingTv</visible>
            <texturebg colordiffuse="panel_fg_20" border="4">progress/progress-bg.png</texturebg>
        </control>
        <control type="progress">
            <description>Progressbar</description>
            <width>100%</width>
            <height>12</height>
            <info>PVR.EpgEventProgress</info>
            <texturebg colordiffuse="00ffffff">progress/progress-bg.png</texturebg>
            <lefttexture colordiffuse="00ffffff">progress/progress-left.png</lefttexture>
            <midtexture colordiffuse="$VAR[ColorGradient]" diffuse="progress/diffuse.png">progress/progress-end.png</midtexture>
            <righttexture colordiffuse="$VAR[ColorGradient]" diffuse="progress/diffuse-end.png">progress/progress-right.png</righttexture>
            <include content="Defs_Progress_Colorfade">
                <param name="id" value="498" />
            </include>
            <visible>Pvr.IsPlayingTv</visible>
        </control>

        <control type="progress" id="401">
            <visible>Player.HasMedia</visible>
            <animation effect="fade" start="100" end="0" condition="!Player.Seeking" reversible="false" delay="300" time="0">Conditional</animation>
            <animation effect="fade" start="0" end="100" condition="Player.Seeking" reversible="false" time="0">Conditional</animation>
            <width>1760</width>
            <height>112</height>
            <centertop>50%</centertop>

            <texturebg colordiffuse="00ffffff">progress/slider_bg.png</texturebg>
            <righttexture colordiffuse="panel_fg_100">progress/slider_nib.png</righttexture>
            <lefttexture colordiffuse="00ffffff">progress/progress-left.png</lefttexture>
            <midtexture colordiffuse="00ffffff">progress/progress-end.png</midtexture>
            <visible>Player.SeekEnabled + !Pvr.IsPlayingTv + !Player.ChannelPreviewActive</visible>
        </control>
<!-- notoco
        <control type="ranges">
            <width>100%</width>
            <height>12</height>
            <texturebg colordiffuse="00ffffff">progress/marker-bg.png</texturebg>
            <righttexture colordiffuse="panel_fg_50">progress/marker.png</righttexture>
            <info>Player.CutList</info>
        </control>
        <control type="ranges">
            <width>100%</width>
            <height>12</height>
            <texturebg colordiffuse="00ffffff">progress/marker-bg.png</texturebg>
            <righttexture colordiffuse="panel_fg_50">progress/marker.png</righttexture>
            <info>Player.Chapters</info>
        </control> -->

        <control type="slider" id="402">
            <visible>Player.HasMedia</visible>
            <animation effect="fade" start="100" end="0" condition="!Player.Seeking" reversible="false" delay="300" time="0">Conditional</animation>
            <animation effect="fade" start="0" end="100" condition="Player.Seeking" reversible="false" time="0">Conditional</animation>
            <width>1760</width>
            <height>112</height>
            <centertop>50%</centertop>
            <info>Player.Progress</info>
            <action>seek</action>
            <texturesliderbar colordiffuse="00ffffff">progress/slider_bg.png</texturesliderbar>
            <textureslidernib />
            <textureslidernibfocus colordiffuse="panel_fg_100">progress/slider_nib.png</textureslidernibfocus>
            <visible>Player.SeekEnabled + Pvr.IsPlayingTv + !Player.ChannelPreviewActive</visible>
        </control>



    </include>

    <include name="OSD_Progress_Bar">
        <control type="group">
            <nested />
            <left>view_pad</left>
            <right>view_pad</right>
            <bottom>120</bottom>
            <height>80</height>
            <control type="group">
                <bottom>grid_x04</bottom>
                <height>12</height>
                <include>OSD_Progress_BarControls</include>
            </control>
        </control>
    </include>


    <include name="OSD_Codecs">
        <param name="infohide" default="true" />
        <param name="align" default="left" />
        <param name="directory" default="color" />
        <definition>
            <control type="grouplist">
                <nested />
                <orientation>horizontal</orientation>
                <align>$PARAM[align]</align>
                <itemgap>40</itemgap>
                <usecontrolcoords>true</usecontrolcoords>
                <!-- Resolution -->
                <include content="Info_Codecs_MonoIcon">
                    <param name="icon">resolution/$INFO[VideoPlayer.VideoResolution].png</param>
                    <param name="colordiffuse">panel_fg_100</param>
                    <param name="basewidth">42</param>
                    <param name="iconwidth">64</param>
                    <param name="iconheight">44</param>
                    <param name="visible">!String.IsEmpty(VideoPlayer.VideoResolution)</param>
                </include>

                <!-- Codec / Aspect -->
                <include content="Info_Codecs_StackedText">
                    <param name="toplabel">$INFO[VideoPlayer.VideoCodec]</param>
                    <param name="bottomlabel">$INFO[VideoPlayer.VideoAspect,,:1]</param>
                    <param name="bottomcolor">panel_fg_100</param>
                    <visible>!String.IsEmpty(VideoPlayer.VideoCodec)</visible>
                    <visible>!String.IsEmpty(VideoPlayer.VideoAspect)</visible>
                </include>

                <!-- FPS Rate -->
                <include content="OSD_Codecs_FPS">
                    <param name="color_fg_70">panel_fg_100</param>
                    <param name="directory">color</param>
                </include>

                <!-- AudioCodec -->
                <include content="Info_Codecs_MonoIcon">
                    <param name="colordiffuse">panel_fg_100</param>
                    <param name="icon">$VAR[Image_OSD_AudioCodec]</param>
                    <param name="basewidth">56</param>
                    <param name="iconwidth">100</param>
                    <param name="iconheight">48</param>
                    <param name="visible">!String.IsEmpty(VideoPlayer.AudioCodec)</param>
                </include>

                <!-- Audio Channels -->
                <include content="Info_Codec_AudioChannels">
                    <param name="type">VideoPlayer</param>
                    <param name="channelscolor">panel_fg_90</param>
                    <param name="iconcolor">panel_fg_90</param>
                    <param name="imagecolor">dfce953a</param>
                </include>

                <!-- 3d Stereoscopic -->
                <include content="Info_Codecs_MonoIcon">
                    <param name="colordiffuse">panel_fg_100</param>
                    <param name="icon">other/3D.png</param>
                    <param name="basewidth">48</param>
                    <param name="iconwidth">64</param>
                    <param name="iconheight">56</param>
                    <param name="visible">VideoPlayer.IsStereoscopic</param>
                </include>

                <!-- RipSource -->
                <include content="Info_Codecs_MonoIcon">
                    <param name="colordiffuse">panel_fg_100</param>
                    <param name="icon">$VAR[Image_OSD_RipSource]</param>
                    <param name="basewidth">54</param>
                    <param name="iconwidth">71</param>
                    <param name="iconheight">56</param>
                    <param name="visible">[String.Contains(Player.FileNameAndPath,2160p) | String.Contains(Player.FileNameAndPath,UHD) | String.Contains(Player.FileNameAndPath,UltraHD) | String.Contains(Player.FileNameAndPath,Ultra-HD) | String.Contains(Player.FileNameAndPath,4K) | String.Contains(Player.FileNameAndPath,blu-ray) | String.Contains(Player.FileNameAndPath,bluray) | String.Contains(Player.FileNameAndPath,bdrip) | String.Contains(Player.FileNameAndPath,bd25) | String.Contains(Player.FileNameAndPath,bd50) | String.Contains(Player.FileNameAndPath,hddvd) | String.Contains(Player.FileNameAndPath,hd-dvd) | String.Contains(Player.FileNameAndPath,dvd) | String.Contains(Player.FileNameAndPath,hdtv) | String.Contains(Player.FileNameAndPath,pdtv) | String.Contains(Player.FileNameAndPath,dsr) | String.Contains(Player.FileNameAndPath,sdtv) | String.Contains(Player.FileNameAndPath,web-dl) | String.Contains(Player.FileNameAndPath,webdl) | String.Contains(Player.FileNameAndPath,WEBRip) | String.EndsWith(Player.FileNameAndPath,.strm) | [String.IsEmpty(VideoPlayer.VideoCodec) + String.IsEmpty(VideoPlayer.AudioCodec)]]</param>
                </include>

                <!-- HDR -->
                <include content="Info_Codecs_MonoIcon">
                    <param name="colordiffuse">panel_fg_100</param>
                    <param name="icon">other/HDR.png</param>
                    <param name="basewidth">48</param>
                    <param name="iconwidth">80</param>
                    <param name="iconheight">56</param>
                    <param name="visible">String.Contains(VideoPlayer.FileNameAndPath,HDR)</param>
                </include>

            </control>
        </definition>
    </include>


    <include name="OSD_TempoControl">
        <param name="textcolor">dialog_fg_70</param>
        <param name="progresscolor">dialog_fg_12</param>
        <param name="nibcolor">dialog_fg_100</param>
        <param name="selected">false</param>
        <param name="istempo">true</param>
        <definition>
            <control type="group">
                <nested />
                <control type="label">
                    <font>font_tiny_bold</font>
                    <label>$LOCALIZE[31071]</label>
                    <include content="Object_TextColor" condition="$PARAM[selected]">
                        <param name="textcolor">$VAR[ColorSelected]</param>
                    </include>
                    <textcolor>$PARAM[textcolor]</textcolor>
                    <align>left</align>
                    <height>70</height>
                    <top>0</top>
                </control>
                <include content="Object_Control" condition="!$PARAM[istempo]">
                    <param name="control">grouplist</param>
                    <left>-9</left>
                    <right>-9</right>
                    <height>70</height>
                    <bottom>0</bottom>
                    <orientation>horizontal</orientation>
                    <include content="OSD_PlaySpeed_Label">
                        <param name="width">38</param>
                        <param name="label">$NUMBER[32]</param>
                        <param name="textcolor">$PARAM[textcolor]</param>
                        <param name="selected">$PARAM[selected]</param>
                    </include>
                    <include content="OSD_PlaySpeed_Label">
                        <param name="width">38</param>
                        <param name="label">$NUMBER[16]</param>
                        <param name="textcolor">$PARAM[textcolor]</param>
                        <param name="selected">$PARAM[selected]</param>
                    </include>
                    <include content="OSD_PlaySpeed_Label">
                        <param name="width">38</param>
                        <param name="label">$NUMBER[8]x</param>
                        <param name="textcolor">$PARAM[textcolor]</param>
                        <param name="selected">$PARAM[selected]</param>
                    </include>
                    <include content="OSD_PlaySpeed_Label">
                        <param name="width">38</param>
                        <param name="label">$NUMBER[4]x</param>
                        <param name="textcolor">$PARAM[textcolor]</param>
                        <param name="selected">$PARAM[selected]</param>
                    </include>
                    <include content="OSD_PlaySpeed_Label">
                        <param name="width">38</param>
                        <param name="label">$NUMBER[2]x</param>
                        <param name="textcolor">$PARAM[textcolor]</param>
                        <param name="selected">$PARAM[selected]</param>
                    </include>
                    <include content="OSD_PlaySpeed_Label">
                        <param name="width">38</param>
                        <param name="label">|</param>
                        <param name="textcolor">$PARAM[textcolor]</param>
                        <param name="selected">$PARAM[selected]</param>
                    </include>
                    <include content="OSD_PlaySpeed_Label">
                        <param name="width">38</param>
                        <param name="label">$NUMBER[2]x</param>
                        <param name="textcolor">$PARAM[textcolor]</param>
                        <param name="selected">$PARAM[selected]</param>
                    </include>
                    <include content="OSD_PlaySpeed_Label">
                        <param name="width">38</param>
                        <param name="label">$NUMBER[4]x</param>
                        <param name="textcolor">$PARAM[textcolor]</param>
                        <param name="selected">$PARAM[selected]</param>
                    </include>
                    <include content="OSD_PlaySpeed_Label">
                        <param name="width">38</param>
                        <param name="label">$NUMBER[8]x</param>
                        <param name="textcolor">$PARAM[textcolor]</param>
                        <param name="selected">$PARAM[selected]</param>
                    </include>
                    <include content="OSD_PlaySpeed_Label">
                        <param name="width">38</param>
                        <param name="label">$NUMBER[16]</param>
                        <param name="textcolor">$PARAM[textcolor]</param>
                        <param name="selected">$PARAM[selected]</param>
                    </include>
                    <include content="OSD_PlaySpeed_Label">
                        <param name="width">38</param>
                        <param name="label">$NUMBER[32]</param>
                        <param name="textcolor">$PARAM[textcolor]</param>
                        <param name="selected">$PARAM[selected]</param>
                    </include>
                </include>
                <include content="Object_Control" condition="$PARAM[istempo]">
                    <param name="control">grouplist</param>
                    <left>-8</left>
                    <right>-8</right>
                    <height>70</height>
                    <bottom>0</bottom>
                    <orientation>horizontal</orientation>
                    <include content="OSD_PlaySpeed_Label">
                        <param name="label" value="0.80" />
                        <param name="textcolor">$PARAM[textcolor]</param>
                        <param name="selected">$PARAM[selected]</param>
                    </include>
                    <include content="OSD_PlaySpeed_Label">
                        <param name="label" value="0.90" />
                        <param name="textcolor">$PARAM[textcolor]</param>
                        <param name="selected">$PARAM[selected]</param>
                    </include>
                    <include content="OSD_PlaySpeed_Label">
                        <param name="label" value="1.00" />
                        <param name="textcolor">$PARAM[textcolor]</param>
                        <param name="selected">$PARAM[selected]</param>
                    </include>
                    <include content="OSD_PlaySpeed_Label">
                        <param name="label" value="1.10" />
                        <param name="textcolor">$PARAM[textcolor]</param>
                        <param name="selected">$PARAM[selected]</param>
                    </include>
                    <include content="OSD_PlaySpeed_Label">
                        <param name="label" value="1.20" />
                        <param name="textcolor">$PARAM[textcolor]</param>
                        <param name="selected">$PARAM[selected]</param>
                    </include>
                    <include content="OSD_PlaySpeed_Label">
                        <param name="label" value="1.30" />
                        <param name="textcolor">$PARAM[textcolor]</param>
                        <param name="selected">$PARAM[selected]</param>
                    </include>
                    <include content="OSD_PlaySpeed_Label">
                        <param name="label" value="1.40" />
                        <param name="textcolor">$PARAM[textcolor]</param>
                        <param name="selected">$PARAM[selected]</param>
                    </include>
                    <include content="OSD_PlaySpeed_Label">
                        <param name="label" value="1.50" />
                        <param name="textcolor">$PARAM[textcolor]</param>
                        <param name="selected">$PARAM[selected]</param>
                    </include>
                </include>
                <control type="image">
                    <texture colordiffuse="$PARAM[progresscolor]" border="4">progress/progress-bg.png</texture>
                    <centertop>50%</centertop>
                    <height>12</height>
                </control>
                <control type="group">
                    <left>6</left>
                    <centertop>50%</centertop>
                    <height>24</height>
                    <width>24</width>
                    <animation effect="slide" end="52" condition="$PARAM[istempo] + String.IsEqual(Player.PlaySpeed,0.90)">Conditional</animation>
                    <animation effect="slide" end="104" condition="$PARAM[istempo] + [String.IsEqual(Player.PlaySpeed,1.00) | String.IsEqual(Player.PlaySpeed,0.00)]">Conditional</animation>
                    <animation effect="slide" end="156" condition="$PARAM[istempo] + String.IsEqual(Player.PlaySpeed,1.10)">Conditional</animation>
                    <animation effect="slide" end="208" condition="$PARAM[istempo] + String.IsEqual(Player.PlaySpeed,1.20)">Conditional</animation>
                    <animation effect="slide" end="260" condition="$PARAM[istempo] + String.IsEqual(Player.PlaySpeed,1.30)">Conditional</animation>
                    <animation effect="slide" end="312" condition="$PARAM[istempo] + String.IsEqual(Player.PlaySpeed,1.40)">Conditional</animation>
                    <animation effect="slide" end="364" condition="$PARAM[istempo] + String.IsEqual(Player.PlaySpeed,1.50)">Conditional</animation>

                    <animation effect="slide" end="-8" condition="!$PARAM[istempo] + Player.Rewinding32x">Conditional</animation>
                    <animation effect="slide" end="30" condition="!$PARAM[istempo] + Player.Rewinding16x">Conditional</animation>
                    <animation effect="slide" end="68" condition="!$PARAM[istempo] + Player.Rewinding8x">Conditional</animation>
                    <animation effect="slide" end="106" condition="!$PARAM[istempo] + Player.Rewinding4x">Conditional</animation>
                    <animation effect="slide" end="144" condition="!$PARAM[istempo] + Player.Rewinding2x">Conditional</animation>
                    <animation effect="slide" end="182" condition="!$PARAM[istempo] + !Player.Rewinding + !Player.Forwarding">Conditional</animation>
                    <animation effect="slide" end="220" condition="!$PARAM[istempo] + Player.Forwarding2x">Conditional</animation>
                    <animation effect="slide" end="258" condition="!$PARAM[istempo] + Player.Forwarding4x">Conditional</animation>
                    <animation effect="slide" end="296" condition="!$PARAM[istempo] + Player.Forwarding8x">Conditional</animation>
                    <animation effect="slide" end="334" condition="!$PARAM[istempo] + Player.Forwarding16x">Conditional</animation>
                    <animation effect="slide" end="372" condition="!$PARAM[istempo] + Player.Forwarding32x">Conditional</animation>
                    <control type="image">
                        <include content="Object_ColorDiffuse" condition="$PARAM[selected]">
                            <param name="colordiffuse">$VAR[ColorSelected]</param>
                        </include>
                        <colordiffuse>$PARAM[nibcolor]</colordiffuse>
                        <texture>common/circle.png</texture>
                    </control>
                    <control type="image">
                        <centerleft>50%</centerleft>
                        <bottom>-12</bottom>
                        <height>16</height>
                        <width>16</width>
                        <include content="Object_ColorDiffuse" condition="$PARAM[selected]">
                            <param name="colordiffuse">$VAR[ColorSelected]</param>
                        </include>
                        <colordiffuse>$PARAM[nibcolor]</colordiffuse>
                        <texture flipy="true">arrows/arrow-menu-up.png</texture>
                    </control>
                </control>
            </control>
        </definition>
    </include>

    <include name="OSD_PVRChannelSwitch">
        <control type="group">
            <visible>Player.ShowInfo | Window.IsVisible(DialogFullScreenInfo.xml)</visible>
            <visible>!Window.IsVisible(videoosd)</visible>
            <animation type="Visible" reversible="false">
                <effect type="fade" start="0" end="100" time="300" delay="300"/>
            </animation>
            <control type="image">
                <width>800</width>
                <texture colordiffuse="panel_bg">common/dim-side.png</texture>
            </control>
            <control type="group">
                <width>427</width>
                <left>view_pad</left>
                <top>view_top</top>
                <control type="group">
                    <height>240</height>
                    <include content="Object_ItemBack">
                        <param name="selected">true</param>
                    </include>
                    <control type="image">
                        <texture colordiffuse="$VAR[ColorMainItem]" diffuse="diffuse/landscape_w356_h200.png">common/white.png</texture>
                    </control>
                    <control type="image">
                        <texture background="true" diffuse="diffuse/landscape_w356_h200.png">$INFO[Player.Art(icon)]</texture>
                        <aspectratio scalediffuse="false">keep</aspectratio>
                        <bordersize>grid_x04</bordersize>
                        <visible>String.IsEmpty(Pvr.EPGEventIcon)</visible>
                    </control>
                    <control type="image">
                        <texture background="true" diffuse="diffuse/landscape_w356_h200.png">$INFO[Pvr.EPGEventIcon]</texture>
                        <aspectratio scalediffuse="false">scale</aspectratio>
                        <visible>!String.IsEmpty(Pvr.EPGEventIcon)</visible>
                    </control>
                    <control type="progress">
                        <texturebg>pvr/progress-episode-b.png</texturebg>
                        <lefttexture colordiffuse="panel_fg_30">pvr/progress-episode-l.png</lefttexture>
                        <midtexture colordiffuse="panel_fg_30">pvr/progress-episode-m.png</midtexture>
                        <righttexture colordiffuse="panel_fg_30">pvr/progress-episode-r.png</righttexture>
                        <info>PVR.EpgEventProgress</info>
                        <visible>Integer.IsGreater(PVR.EpgEventProgress,1)</visible>
                    </control>
                    <include content="Object_SelectBox">
                        <param name="indicator" value="false" />
                        <param name="focusbounce" value="true" />
                    </include>
                </control>

                <control type="grouplist">
                    <top>280</top>
                    <orientation>vertical</orientation>
                    <control type="label">
                        <font>font_head_bold</font>
                        <textcolor>panel_fg_90</textcolor>
                        <label>$INFO[VideoPlayer.Season,S,]$INFO[VideoPlayer.Episode,E, ]$INFO[VideoPlayer.Title]</label>
                        <shadowcolor>shadow_hard</shadowcolor>
                        <height>40</height>
                        <selectedcolor>panel_fg_90</selectedcolor>
                        <visible>!String.IsEmpty(VideoPlayer.Title)</visible>
                    </control>
                    <control type="label">
                        <font>font_mini</font>
                        <textcolor>panel_fg_90</textcolor>
                        <label>$INFO[VideoPlayer.StartTime]$INFO[VideoPlayer.EndTime, - ,]</label>
                        <shadowcolor>shadow_hard</shadowcolor>
                        <height>40</height>
                        <selectedcolor>panel_fg_90</selectedcolor>
                        <visible>!String.IsEmpty(VideoPlayer.StartTime)</visible>
                    </control>
                    <control type="textbox">
                        <top>25</top>
                        <font>font_mini_plot</font>
                        <height max="230">auto</height>
                        <textcolor>panel_fg_70</textcolor>
                        <label>$INFO[VideoPlayer.Plot]</label>
                        <shadowcolor>shadow_hard</shadowcolor>
                        <visible>!String.IsEmpty(VideoPlayer.Plot)</visible>
                    </control>
                    <control type="group">
                        <height>25</height>
                        <visible>!String.IsEmpty(VideoPlayer.Plot)</visible>
                    </control>
                    <control type="image"><!-- notoco -->
                        <texture background="true">$INFO[Player.Icon]</texture>
                        <height>200</height>
                        <aspectratio scalediffuse="false" align="center" aligny="center">keep</aspectratio>
                        <fadetime>200</fadetime>
                    </control>
                </control>
            </control>
        </control>
    </include>

    <include name="OSD_VideoSeekBar">
        <control type="group">

            <!-- Progress Bar Group -->
            <control type="group">
                <include>OSD_Progress_Bar</include>
                <include>OSD_Progress_Labels</include>
                <include>OSD_Progress_Details</include>
                <include>Animation_OSD_Seekbar_NoCodecs</include>
                <include>Animation_OSD_ExpandInfo</include>
                <visible>!$EXP[Exp_OSD_PVRChannelSwitch]</visible>
                <animation effect="fade" start="0" end="100" delay="300" time="300">VisibleChange</animation>
            </control>

            <!-- Top Left Label -->
            <control type="group">
                <visible>[VideoPlayer.Content(episodes) + !String.IsEmpty(VideoPlayer.Title)] | [VideoPlayer.Content(livetv) + !String.IsEmpty(VideoPlayer.ChannelNumberLabel)] | [VideoPlayer.Content(files) + !String.IsEmpty(VideoPlayer.Studio)]</visible> <!-- notoco -->
                <include content="Object_ShadowSpot">
                    <include>Dimension_HeaderTitleShadow</include>
                </include>
                <include content="Furniture_Top_Left">
                    <param name="label">$VAR[Label_OSD_HeaderEpisodeChapter]</param>
                </include>
            </control>
        </control>
    </include>

    <include name="OSD_MusicSeekBar">
        <control type="group">

            <animation effect="slide" start="0" end="0,-400" time="300" tween="sine" easing="out" reversible="false" condition="[$EXP[Exp_OSD_ExpandInfo]]">Conditional</animation>
            <animation effect="slide" end="0" start="0,-400" time="400" tween="sine" easing="inout" reversible="false" condition="![$EXP[Exp_OSD_ExpandInfo]]">Conditional</animation>

            <!-- Progress Bar Group -->
            <control type="group">
                <include>OSD_Progress_Bar</include>
                <include>OSD_Progress_Labels</include>

                <control type="group">
                    <width>320</width>
                    <height>320</height>
                    <bottom>view_top</bottom>
                    <left>view_pad</left>
                    <control type="group">
                        <animation effect="zoom" start="0,0,320,320" end="0,-360,460,460" time="400" tween="cubic" easing="out" reversible="false" condition="[Window.IsVisible(script-cu-lrclyrics-main.xml) | [!String.IsEmpty(Window(Home).Property(OSDArtistDetails)) + !Window.IsVisible(1142)]]">Conditional</animation>
                        <animation effect="zoom" end="0,0,320,320" start="0,-360,460,460" time="400" tween="cubic" easing="out" reversible="false" condition="![Window.IsVisible(script-cu-lrclyrics-main.xml) | [!String.IsEmpty(Window(Home).Property(OSDArtistDetails)) + !Window.IsVisible(1142)]]">Conditional</animation>
                        <include content="Object_BigPoster">
                            <param name="diffuse">diffuse/square_w440_h440.png</param>
                            <param name="icon">$INFO[Player.Icon]</param>
                        </include>
                    </control>

                    <control type="group">
                        <left>360</left>
                        <animation effect="slide" start="0" end="-360" time="400" tween="cubic" easing="out" reversible="false" condition="[Window.IsVisible(script-cu-lrclyrics-main.xml) | [!String.IsEmpty(Window(Home).Property(OSDArtistDetails)) + !Window.IsVisible(1142)]]">Conditional</animation>
                        <animation effect="slide" end="0" start="-360" time="400" tween="cubic" easing="out" reversible="false" condition="![Window.IsVisible(script-cu-lrclyrics-main.xml) | [!String.IsEmpty(Window(Home).Property(OSDArtistDetails)) + !Window.IsVisible(1142)]]">Conditional</animation>
                        <control type="grouplist">
                            <height>137</height>
                            <bottom>40</bottom>
                            <align>bottom</align>
                            <include content="OSD_Music_Title" condition="!Skin.HasSetting(UseLightFont)">
                                <param name="font">font_info_black</param>
                            </include>
                            <include content="OSD_Music_Title" condition="Skin.HasSetting(UseLightFont)">
                                <param name="font">font_info_light</param>
                            </include>
                        </control>
                        <control type="label">
                            <label>$INFO[MusicPlayer.Artist,[COLOR=panel_fg_90],[/COLOR]]$INFO[MusicPlayer.Album, • [COLOR=panel_fg_90],[/COLOR]]$INFO[MusicPlayer.Year, • [COLOR=panel_fg_90],[/COLOR]]</label>
                            <textcolor>$VAR[ColorHighlight]</textcolor>
                            <font>font_mini_bold</font>
                            <align>center</align>
                            <height>40</height>
                            <bottom>0</bottom>
                        </control>
                    </control>
                </control>

                <control type="grouplist">
                    <visible>Window.IsVisible(script-cu-lrclyrics-main.xml)</visible>
                    <visible>!Window.IsActive(musicosd)</visible>
                    <animation type="Visible" reversible="false">
                        <effect type="fade" start="0" end="100" time="300" delay="400" tween="sine" easing="out"/>
                    </animation>
                    <centerbottom>70</centerbottom>
                    <height>120</height>
                    <left>view_pad</left>
                    <right>view_pad</right>
                    <orientation>horizontal</orientation>
                    <itemgap>30</itemgap>
                    <align>left</align>
                    <onleft>6400</onleft>
                    <onright>6100</onright>
                    <include content="OSD_Button">
                        <param name="autoclose">true</param>
                        <param name="visible">true</param>
                        <param name="icon">special://skin/extras/icons/microphone.png</param>
                        <param name="id">6500</param>
                        <param name="groupid">6599</param>
                        <onclick>Close</onclick>
                        <onclick>runscript(script.cu.lrclyrics)</onclick>
                    </include>

                    <control type="label">
                        <height>60</height>
                        <aligny>center</aligny>
                        <font>font_main_black</font>
                        <textcolor>panel_fg_90</textcolor>
                        <label>$LOCALIZE[24013]</label>
                        <width>auto</width>
                    </control>
                </control>

                <include>Animation_OSD_Seekbar_NoCodecs</include>
            </control>
        </control>
    </include>
</includes>
