<?xml version="1.0" encoding="UTF-8"?>
<!-- Foundation -->
<includes>

    <include file="Defaults.xml" />

    <include file="Includes_View_50_List.xml" />
    <include file="Includes_View_51_Wall.xml" />
    <include file="Includes_View_52_Showcase.xml" />
    <include file="Includes_View_53_Poster.xml" />
    <include file="Includes_View_54_AEL.xml" />
    <include file="Includes_Info.xml" />
    <include file="Includes_Home.xml" />
    <include file="Includes_DialogVideoInfo.xml" />
    <include file="Includes_DialogMusicInfo.xml" />

    <include file="Includes_Animations.xml" />
    <include file="Includes_Defs.xml" />
    <include file="Includes_Dialog.xml" />
    <include file="Includes_Global.xml" />
    <include file="Includes_Items.xml" />
    <include file="Includes_Images.xml" />
    <include file="Includes_Labels.xml" />
    <include file="Includes_Object.xml" />
    <include file="Includes_Variable_Object.xml" />
    <include file="Includes_OSD.xml" />
    <include file="Includes_Topbar.xml" />
    <include file="Includes_VideoLyrics.xml" />
    <include file="Includes_Weather.xml" />
    <include file="Includes_AEL.xml" />
    <include file="Includes_PVRWidgets.xml" />

    <include file="Includes_View.xml" />

    <include file="script-skinshortcuts-includes.xml"/>

    <include file="Constants_Main.xml" />

    <!-- Highlight Color -->
    <variable name="ColorHighlight">
        <value condition="Skin.HasSetting(TMDbHelper.EnableColors) + !String.IsEmpty(Window(home).Property(TMDbHelper.ListItem.Colors.Main))">$INFO[Window(home).Property(TMDbHelper.ListItem.Colors.Main)]</value>
        <value condition="!String.IsEmpty(Skin.String(focuscolor.name))">$INFO[Skin.String(focuscolor.name)]</value>
        <value>Highlight</value>
    </variable>

    <!-- Gradient Color -->
    <variable name="ColorGradient">
        <value condition="Skin.HasSetting(TMDbHelper.EnableColors) + !String.IsEmpty(Window(home).Property(TMDbHelper.ListItem.Colors.Comp))">$INFO[Window(home).Property(TMDbHelper.ListItem.Colors.Comp)]</value>
        <value condition="!Skin.HasSetting(EnableMonochromeHighlight) + !String.IsEmpty(Skin.String(gradientcolor.name))">$INFO[Skin.String(gradientcolor.name)]</value>
        <value condition="!Skin.HasSetting(EnableMonochromeHighlight)">Gradient</value>
        <value>00ffffff</value>
    </variable>

    <!-- Overlay Color -->
    <variable name="ColorOverlay">
        <value condition="Skin.HasSetting(DisableOverlay)">7f000000</value>
        <value condition="Skin.HasSetting(TMDbHelper.EnableColors) + !String.IsEmpty(Window(home).Property(TMDbHelper.ListItem.Colors.Main))">$INFO[Window(home).Property(TMDbHelper.ListItem.Colors.Main)]</value>
        <value condition="!String.IsEmpty(Skin.String(overlaycolor.name))">$INFO[Skin.String(overlaycolor.name)]</value>
        <value>Highlight</value>
    </variable>

    <!-- Watched / Progress Color -->
    <variable name="ColorWatchedProgress">
        <value condition="!String.IsEmpty(Skin.String(watchedprogresscolor.name))">$INFO[Skin.String(watchedprogresscolor.name)]</value>
        <value>WatchedProgress</value>
    </variable>

    <variable name="IconsColor_Var">
        <value condition="String.IsEmpty(Skin.String(Icons))">monochrome</value>
        <value>$INFO[Skin.String(Icons)]</value>
    </variable>

    <variable name="IconsDiffuse_Var">
        <value condition="String.IsEmpty(Skin.String(icons.diffuse))">main_fg_100</value>
        <value>$INFO[Skin.String(icons.diffuse)]</value>
    </variable>

    <variable name="IconsColorLabel_Var">
        <value condition="String.IsEmpty(Skin.String(icons.label))">Monochrome</value>
        <value>$INFO[Skin.String(icons.label)]</value>
    </variable>

    <variable name="PVRTimeRemainingMMVar">
        <value condition="Integer.IsEqual(PVR.EpgEventRemainingTime(mm),09)">9m</value>
        <value condition="Integer.IsEqual(PVR.EpgEventRemainingTime(mm),08)">8m</value>
        <value condition="Integer.IsEqual(PVR.EpgEventRemainingTime(mm),07)">7m</value>
        <value condition="Integer.IsEqual(PVR.EpgEventRemainingTime(mm),06)">6m</value>
        <value condition="Integer.IsEqual(PVR.EpgEventRemainingTime(mm),05)">5m</value>
        <value condition="Integer.IsEqual(PVR.EpgEventRemainingTime(mm),04)">4m</value>
        <value condition="Integer.IsEqual(PVR.EpgEventRemainingTime(mm),03)">3m</value>
        <value condition="Integer.IsEqual(PVR.EpgEventRemainingTime(mm),02)">2m</value>
        <value condition="Integer.IsEqual(PVR.EpgEventRemainingTime(mm),01)">1m</value>
    </variable>

    <variable name="PVRTimeRemainingVar">
        <value condition="Integer.IsGreater(PVR.EpgEventRemainingTime(h),0) + Integer.IsGreater(PVR.EpgEventRemainingTime(mm),9)">$INFO[PVR.EpgEventRemainingTime(h),,h]$INFO[PVR.EpgEventRemainingTime(mm),,m]</value>
        <value condition="Integer.IsGreater(PVR.EpgEventRemainingTime(h),0) + Integer.IsLessOrEqual(PVR.EpgEventRemainingTime(mm),9)">$INFO[PVR.EpgEventRemainingTime(h),,h]$VAR[PVRTimeRemainingMMVar]</value>
        <value condition="Integer.IsLessOrEqual(PVR.EpgEventRemainingTime(h),0) + Integer.IsGreater(PVR.EpgEventRemainingTime(mm),9)">$INFO[PVR.EpgEventRemainingTime(mm),,m]</value>
        <value condition="Integer.IsLessOrEqual(PVR.EpgEventRemainingTime(h),0) + Integer.IsLessOrEqual(PVR.EpgEventRemainingTime(mm),9)">$VAR[PVRTimeRemainingMMVar]</value>
        <value>$INFO[PVR.EpgEventRemainingTime(ss)]s</value>
    </variable>

    <include name="Dimensions_Fullscreen">
        <left>0</left>
        <top>0</top>
        <width>1920</width>
        <height>1080</height>
    </include>

    <include name="Dimensions_TrailerScreen">
        <top>-100</top>
        <right>-20</right>
        <width>1520</width>
        <height>925</height>
    </include>
</includes>
