<?xml version="1.0" encoding="UTF-8"?>
<window>
    <defaultcontrol always="true">3012</defaultcontrol>
    <onload>Dialog.Close(fullscreeninfo,true)</onload>
    <onload>Dialog.Close(videoosd,true)</onload>
    <controls>
        <control type="group">
            <left>view_pad</left>
            <right>view_pad</right>
            <top>view_pad</top>
            <bottom>view_pad</bottom>
            <animation type="WindowOpen" reversible="false">
                <effect type="fade" start="0" end="100" time="500" delay="100"/>
            </animation>
            <animation type="WindowClose" reversible="false">
                <effect type="fade" start="100" end="0" time="500" />
            </animation>
            <control type="group" description="Plakat">
                <left>0</left>
                <width>227</width>
                <height>320</height>
                <bottom>0</bottom>
                <control type="image">
                    <texture colordiffuse="panel_bg" border="10">diffuse/box.png</texture>
                    <animation effect="fade" end="100" condition="true">Conditional</animation>
                </control>
                <control type="image">
                    <width>auto</width>
                    <bordersize>15</bordersize>
                    <bottom>0</bottom>
                    <bordertexture border="30" colordiffuse="Shadow">common/shadow-15.png</bordertexture>
                    <aspectratio scalediffuse="true" align="left" aligny="center">keep</aspectratio>
                    <texture background="true" diffuse="diffuse/poster-wall.png">$VAR[Image_OSD_Artwork]</texture>
                </control>
                    <control type="progress" id="3014">
                        <height>6</height>
                        <bottom>8</bottom>
                        <left>15</left>
                        <right>15</right>
                    </control>
            </control>

            <control type="group" description="Main Info">
                <left>231</left>
                <width>1301.5</width>
                <height>227</height>
                <bottom>0</bottom>
                <control type="image">
                    <texture colordiffuse="panel_bg" border="10">diffuse/box.png</texture>
                    <animation effect="fade" end="100" condition="true">Conditional</animation>
                </control>
               <control type="group">
                    <left>25</left>
                    <top>30</top>
                    <control type="label">
                        <height>30</height>
                        <font>font_title_small</font>
                        <label>$ADDON[service.upnext 30036]</label>
                        <textcolor>panel_fg_100</textcolor>
                        <visible>!Integer.IsGreater(Player.TimeRemaining,59)</visible>
                    </control>
                    <control type="label">
                        <height>30</height>
                        <font>font_title_small</font>
                        <label>$ADDON[service.upnext 30008]...</label>
                        <textcolor>panel_fg_100</textcolor>
                        <visible>Integer.IsGreater(Player.TimeRemaining,59)</visible>
                    </control>
                    <control type="grouplist">
                        <top>40</top>
                        <height>40</height>
                        <orientation>horizontal</orientation>
                        <usecontrolcoords>true</usecontrolcoords>
                        <itemgap>0</itemgap>
                        <include content="Object_Info_Line_Label">
                            <param name="label" value="$INFO[Window.Property(tvshowtitle)]" />
                            <param name="textcolor" value="panel_fg_100" />
                            <param name="divider" value="false" />
                            <param name="fallback" value="N/A" />
                            <param name="visible" value="true" />
                            <param name="id" value="90001" />
                        </include>
                        <!-- Further Items -->
                        <include content="Object_Info_Line_Label">
                            <param name="id" value="90002" />
                            <param name="label" value="$INFO[Window.Property(season),S,]$INFO[Window.Property(episode),E,]" />
                            <param name="textcolor" value="panel_fg_100" />
                            <param name="visible" value="true" />
                        </include>
                        <include content="Object_Info_Line_Label">
                            <param name="id" value="90003" />
                            <param name="label" value="$INFO[Window.Property(title)]" />
                            <param name="textcolor" value="panel_fg_100" />
                            <param name="visible" value="true" />
                        </include>
                    </control>
                    <control type="grouplist">
                        <top>85</top>
                        <height>90</height>
                        <left>-15</left>
                        <orientation>horizontal</orientation>
                        <itemgap>0</itemgap>
                        <include content="Object_IconicButton">
                            <param name="id" value="3012" />
                            <param name="groupid" value="9012" />
                            <param name="label" value="$ADDON[service.upnext 30006]" />
                            <param name="icon" value="special://skin/extras/icons/play3.png" />
                            <param name="visible" value="true" />
                        </include>
                        <include content="Object_IconicButton">
                            <param name="id" value="3013" />
                            <param name="groupid" value="9013" />
                            <param name="label" value="$ADDON[service.upnext 30034]" />
                            <param name="icon" value="special://skin/extras/icons/disabled.png" />
                            <param name="visible" value="true" />
                        </include>
                    </control>
                </control>
            </control>
			 <control type="group" description="Prawy">
                <visible>!String.IsEmpty(Window.Property(endtime))</visible>
                <right>0</right>
                <width>293</width>
                <height>227</height>
                <bottom>0</bottom>
                <control type="image">
                    <texture colordiffuse="panel_bg" border="10">diffuse/box.png</texture>
                    <animation effect="fade" end="100" condition="true">Conditional</animation>
                </control>
                <control type="group">
                    <left>25</left>
                    <top>30</top>
                    <visible>!Window.IsVisible(extendedprogressdialog)</visible>
                    <animation effect="fade" time="150">VisibleChange</animation>
                    <control type="label">
                        <font>font_topbar</font>
                        <height>30</height>
                        <right>20</right>
                        <width>393</width>
                        <align>right</align>
                        <label>$INFO[System.Time]</label>
                    </control>
                    <control type="label">
                        <right>24</right>
                        <top>10</top>
                        <width>800</width>
                        <height>100</height>
                        <align>right</align>
                        <itemgap>5</itemgap>
                        <label>$ADDON[service.upnext 30009]</label>
                    </control>
                </control>
            </control>
        </control>
    </controls>
</window>
