<?xml version="1.0" encoding="UTF-8"?>
<includes>

    <expression name="Exp_View_50">[[Container.Content(games) + [[String.IsEmpty(Container.PluginName)] | [!String.IsEmpty(Container.PluginName)]]] | [Container.Content(musicvideos) + [[String.IsEmpty(Container.PluginName)] | [!String.IsEmpty(Container.PluginName)]]] | [Container.Content(artists) + [[String.IsEmpty(Container.PluginName)] | [!String.IsEmpty(Container.PluginName)]]] | [Container.Content(albums) + [[String.IsEmpty(Container.PluginName)] | [!String.IsEmpty(Container.PluginName)]]] | [Window.IsVisible(MyGames.xml) + Container.Content() + [[String.IsEmpty(Container.PluginName)] | [!String.IsEmpty(Container.PluginName)]]] | [!Window.IsVisible(MyGames.xml) + Container.Content() + [[String.IsEmpty(Container.PluginName)] | [!String.IsEmpty(Container.PluginName) + !String.IsEqual(Container.PluginName,slyguy.disney.plus) + !String.IsEqual(Container.PluginName,plugin.video.amazon-test) + !String.IsEqual(Container.PluginName,plugin.program.akl) + !String.IsEqual(Container.PluginName,slyguy.hbo.max) + !String.IsEqual(Container.PluginName,script.kcleaner) + !String.IsEqual(Container.PluginName,plugin.video.vavooto) + !String.IsEqual(Container.PluginName,plugin.video.jellycon)]]] | [Container.Content(addons) + [!String.IsEmpty(Container.PluginName) + !String.IsEqual(Container.PluginName,plugin.video.fanfilm) + !String.IsEqual(Container.PluginName,plugin.video.fanfilm3)]]]</expression>
    <expression name="Exp_View_50_Include">True</expression>
    <expression name="Exp_View_500">[[Container.Content(addons) + [String.IsEmpty(Container.PluginName) | String.IsEqual(Container.PluginName,plugin.video.fanfilm3)]] | [Container.Content(studios) + [String.IsEqual(Container.PluginName,plugin.video.fanfilm3)]] | [!Window.IsVisible(MyMusicNav.xml) + Container.Content(genres) + [String.IsEqual(Container.PluginName,plugin.video.fanfilm3) | String.IsEqual(Container.PluginName,plugin.video.themoviedb.helper)]]]</expression>
    <expression name="Exp_View_500_Include">True</expression>
    <expression name="Exp_View_501">[[Container.Content(songs) + [[String.IsEmpty(Container.PluginName)] | [!String.IsEmpty(Container.PluginName)]]] | [Container.Content(addons) + [String.IsEqual(Container.PluginName,plugin.video.fanfilm)]] | [Container.Content(files) + [String.IsEqual(Container.PluginName,plugin.video.netflix) | String.IsEqual(Container.PluginName,plugin.video.jellycon)]] | [!Window.IsVisible(MyGames.xml) + Container.Content() + [String.IsEqual(Container.PluginName,slyguy.disney.plus) | String.IsEqual(Container.PluginName,plugin.video.amazon-test) | String.IsEqual(Container.PluginName,slyguy.hbo.max) | String.IsEqual(Container.PluginName,script.kcleaner) | String.IsEqual(Container.PluginName,plugin.video.vavooto) | String.IsEqual(Container.PluginName,plugin.video.jellycon)]]]</expression>
    <expression name="Exp_View_501_Include">True</expression>
    <expression name="Exp_View_502">[False]</expression>
    <expression name="Exp_View_502_Include">False</expression>
    <expression name="Exp_View_507">[False]</expression>
    <expression name="Exp_View_507_Include">False</expression>
    <expression name="Exp_View_508">[False]</expression>
    <expression name="Exp_View_508_Include">False</expression>
    <expression name="Exp_View_51">[[Container.Content(images) + [[String.IsEmpty(Container.PluginName)] | [!String.IsEmpty(Container.PluginName)]]] | [Container.Content(videos) + [[String.IsEmpty(Container.PluginName)] | [!String.IsEmpty(Container.PluginName) + !String.IsEqual(Container.PluginName,slyguy.disney.plus) + !String.IsEqual(Container.PluginName,slyguy.hbo.max) + !String.IsEqual(Container.PluginName,plugin.video.playermb)]]] | [String.IsEqual(Container.Property(param.info),episode_groups) + Container.Content(tvshows) + [[String.IsEmpty(Container.PluginName)] | [!String.IsEmpty(Container.PluginName)]]] | [Container.Content(episodes) + [!String.IsEmpty(Container.PluginName) + !String.IsEqual(Container.PluginName,plugin.video.fanfilm)]]]</expression>
    <expression name="Exp_View_51_Include">True</expression>
    <expression name="Exp_View_510">[[Container.Content(episodes) + [String.IsEmpty(Container.PluginName) | String.IsEqual(Container.PluginName,plugin.video.fanfilm)]] | [!Window.IsVisible(MyGames.xml) + Container.Content() + [String.IsEqual(Container.PluginName,plugin.program.akl)]]]</expression>
    <expression name="Exp_View_510_Include">True</expression>
    <expression name="Exp_View_511">[[!String.IsEqual(Container.Property(param.info),episode_group_seasons) + Container.Content(seasons) + [String.IsEqual(Container.PluginName,plugin.video.jellycon) | String.IsEqual(Container.PluginName,slyguy.max)]]]</expression>
    <expression name="Exp_View_511_Include">True</expression>
    <expression name="Exp_View_512">[[String.IsEqual(Container.Property(param.info),episode_group_seasons) + Container.Content(seasons) + [[String.IsEmpty(Container.PluginName)] | [!String.IsEmpty(Container.PluginName)]]] | [!String.IsEqual(Container.Property(param.info),episode_group_seasons) + Container.Content(seasons) + [!String.IsEmpty(Container.PluginName) + !String.IsEqual(Container.PluginName,plugin.video.fanfilm) + !String.IsEqual(Container.PluginName,slyguy.disney.plus) + !String.IsEqual(Container.PluginName,plugin.video.amazon-test) + !String.IsEqual(Container.PluginName,slyguy.hbo.max) + !String.IsEqual(Container.PluginName,plugin.video.vod_pl) + !String.IsEqual(Container.PluginName,plugin.video.netflix) + !String.IsEqual(Container.PluginName,plugin.video.jellycon) + !String.IsEqual(Container.PluginName,plugin.video.fanfilm3) + !String.IsEqual(Container.PluginName,slyguy.max)]]]</expression>
    <expression name="Exp_View_512_Include">True</expression>
    <expression name="Exp_View_517">[[!String.IsEqual(Container.Property(param.info),episode_group_seasons) + Container.Content(seasons) + [String.IsEmpty(Container.PluginName) | String.IsEqual(Container.PluginName,plugin.video.netflix)]]]</expression>
    <expression name="Exp_View_517_Include">True</expression>
    <expression name="Exp_View_52">[[Container.Content(sets) + [[String.IsEmpty(Container.PluginName)] | [!String.IsEmpty(Container.PluginName) + !String.IsEqual(Container.PluginName,plugin.video.fanfilm3)]]] | [Container.Content(actors) + [[String.IsEmpty(Container.PluginName)] | [!String.IsEmpty(Container.PluginName) + !String.IsEqual(Container.PluginName,plugin.video.fanfilm3)]]] | [None + [[String.IsEmpty(Container.PluginName)] | [!String.IsEmpty(Container.PluginName) + !String.IsEqual(Container.PluginName,plugin.video.fanfilm3)]]] | [!String.IsEqual(Container.Property(param.info),episode_groups) + Container.Content(tvshows) + [[String.IsEqual(Container.PluginName,plugin.video.fanfilm)] | [!String.IsEmpty(Container.PluginName) + !String.IsEqual(Container.PluginName,plugin.video.netflix)]]] | [!String.IsEqual(Container.Property(param.info),episode_group_seasons) + Container.Content(seasons) + [String.IsEqual(Container.PluginName,plugin.video.vod_pl)]] | [Container.Content(videos) + [String.IsEqual(Container.PluginName,plugin.video.playermb)]]]</expression>
    <expression name="Exp_View_52_Include">True</expression>
    <expression name="Exp_View_520">[[!String.IsEqual(Container.Property(param.info),episode_group_seasons) + Container.Content(seasons) + [String.IsEqual(Container.PluginName,plugin.video.fanfilm)]]]</expression>
    <expression name="Exp_View_520_Include">True</expression>
    <expression name="Exp_View_521">[[Container.Content(files) + [String.IsEqual(Container.PluginName,plugin.video.fanfilm)]] | [!String.IsEqual(Container.Property(param.info),episode_group_seasons) + Container.Content(seasons) + [String.IsEqual(Container.PluginName,slyguy.hbo.max)]] | [None + [String.IsEqual(Container.PluginName,plugin.video.fanfilm3)]] | [Container.Content(actors) + [String.IsEqual(Container.PluginName,plugin.video.fanfilm3)]]]</expression>
    <expression name="Exp_View_521_Include">True</expression>
    <expression name="Exp_View_522">[False]</expression>
    <expression name="Exp_View_522_Include">False</expression>
    <expression name="Exp_View_527">[[!String.IsEqual(Container.Property(param.info),episode_group_seasons) + Container.Content(seasons) + [String.IsEqual(Container.PluginName,plugin.video.amazon-test) | String.IsEqual(Container.PluginName,plugin.video.fanfilm3)]]]</expression>
    <expression name="Exp_View_527_Include">True</expression>
    <expression name="Exp_View_54">[[!Window.IsVisible(MyMusicNav.xml) + Container.Content(years) + [String.IsEqual(Container.PluginName,plugin.video.fanfilm3)]]]</expression>
    <expression name="Exp_View_54_Include">True</expression>
    <expression name="Exp_View_540">[[!Window.IsVisible(MyMusicNav.xml) + Container.Content(genres) + [[String.IsEmpty(Container.PluginName)] | [!String.IsEmpty(Container.PluginName) + !String.IsEqual(Container.PluginName,plugin.video.fanfilm3) + !String.IsEqual(Container.PluginName,plugin.video.themoviedb.helper)]]] | [!Window.IsVisible(MyMusicNav.xml) + Container.Content(years) + [[String.IsEmpty(Container.PluginName)] | [!String.IsEmpty(Container.PluginName) + !String.IsEqual(Container.PluginName,plugin.video.fanfilm3)]]] | [Window.IsVisible(MyMusicNav.xml) + Container.Content(genres) + [[String.IsEmpty(Container.PluginName)] | [!String.IsEmpty(Container.PluginName)]]] | [Window.IsVisible(MyMusicNav.xml) + Container.Content(years) + [[String.IsEmpty(Container.PluginName)] | [!String.IsEmpty(Container.PluginName)]]] | [Container.Content(studios) + [[String.IsEmpty(Container.PluginName)] | [!String.IsEmpty(Container.PluginName) + !String.IsEqual(Container.PluginName,plugin.video.fanfilm3)]]] | [Container.Content(directors) + [[String.IsEmpty(Container.PluginName)] | [!String.IsEmpty(Container.PluginName)]]] | [Container.Content(countries) + [[String.IsEmpty(Container.PluginName)] | [!String.IsEmpty(Container.PluginName)]]] | [Container.Content(tags) + [[String.IsEmpty(Container.PluginName) | String.IsEqual(Container.PluginName,plugin.video.fanfilm3)] | [!String.IsEmpty(Container.PluginName)]]] | [Container.Content(roles) + [[String.IsEmpty(Container.PluginName)] | [!String.IsEmpty(Container.PluginName)]]] | [Container.Content(playlists) + [[String.IsEmpty(Container.PluginName)] | [!String.IsEmpty(Container.PluginName)]]] | [Container.Content(files) + [[String.IsEmpty(Container.PluginName) | String.IsEqual(Container.PluginName,plugin.video.fanfilm3)] | [!String.IsEmpty(Container.PluginName) + !String.IsEqual(Container.PluginName,plugin.video.fanfilm) + !String.IsEqual(Container.PluginName,plugin.video.netflix) + !String.IsEqual(Container.PluginName,plugin.video.jellycon)]]] | [Container.Content(sources) + [[String.IsEmpty(Container.PluginName)] | [!String.IsEmpty(Container.PluginName)]]] | [Container.Content(sets) + [String.IsEqual(Container.PluginName,plugin.video.fanfilm3)]]]</expression>
    <expression name="Exp_View_540_Include">True</expression>
    <expression name="Exp_View_550">[[!String.IsEqual(Container.Property(param.info),episode_groups) + Container.Content(tvshows) + [String.IsEmpty(Container.PluginName)]]]</expression>
    <expression name="Exp_View_550_Include">True</expression>
    <expression name="Exp_View_551">[False]</expression>
    <expression name="Exp_View_551_Include">False</expression>
    <expression name="Exp_View_552">[False]</expression>
    <expression name="Exp_View_552_Include">False</expression>
    <expression name="Exp_View_557">[False]</expression>
    <expression name="Exp_View_557_Include">False</expression>
    <expression name="Exp_View_558">[[Container.Content(movies) + [[String.IsEqual(Container.PluginName,plugin.video.fanfilm) | String.IsEqual(Container.PluginName,slyguy.disney.plus)] | [!String.IsEmpty(Container.PluginName)]]] | [!String.IsEqual(Container.Property(param.info),episode_groups) + Container.Content(tvshows) + [String.IsEqual(Container.PluginName,plugin.video.netflix)]] | [Container.Content(videos) + [String.IsEqual(Container.PluginName,slyguy.hbo.max)]]]</expression>
    <expression name="Exp_View_558_Include">True</expression>
    <expression name="Exp_View_56">[False]</expression>
    <expression name="Exp_View_56_Include">False</expression>
    <expression name="Exp_View_560">[False]</expression>
    <expression name="Exp_View_560_Include">False</expression>
    <expression name="Exp_View_57">[[!String.IsEqual(Container.Property(param.info),episode_group_seasons) + Container.Content(seasons) + [String.IsEqual(Container.PluginName,slyguy.disney.plus)]]]</expression>
    <expression name="Exp_View_57_Include">True</expression>
    <expression name="Exp_View_570">[False]</expression>
    <expression name="Exp_View_570_Include">False</expression>
    <expression name="Exp_View_572">[False]</expression>
    <expression name="Exp_View_572_Include">False</expression>
    <expression name="Exp_View_58">[False]</expression>
    <expression name="Exp_View_58_Include">False</expression>
    <expression name="Exp_View_580">[[Container.Content(movies) + [String.IsEmpty(Container.PluginName)]]]</expression>
    <expression name="Exp_View_580_Include">True</expression>
    <expression name="Exp_View_581">[[Container.Content(videos) + [String.IsEqual(Container.PluginName,slyguy.disney.plus)]]]</expression>
    <expression name="Exp_View_581_Include">True</expression>
</includes>