<?xml version="1.0" encoding="UTF-8"?>
<includes>

    <expression name="Exp_View_50">[[Container.Content(unknown) + [[String.IsEmpty(Container.PluginName)] | [!String.IsEmpty(Container.PluginName)]]] | [Container.Content(playlists) + [[String.IsEmpty(Container.PluginName)] | [!String.IsEmpty(Container.PluginName)]]] | [Container.Content() + !Window.IsVisible(MyPVRTimers.xml) + !Window.IsVisible(MyPVRSearch.xml) + !Window.IsVisible(MyPVRRecordings.xml) + [String.IsEmpty(Container.PluginName)]] | [Container.Content(tags) + [!String.IsEmpty(Container.PluginName)]] | [Container.Content(countries) + [!String.IsEmpty(Container.PluginName)]] | [Container.Content(genres) + !Window.IsVisible(MyMusicNav.xml) + [!String.IsEmpty(Container.PluginName)]] | [Container.Content(genres) + Window.IsVisible(MyMusicNav.xml) + [!String.IsEmpty(Container.PluginName)]] | [Container.Content(studios) + [!String.IsEmpty(Container.PluginName)]] | [Container.Content(years) + !Window.IsVisible(MyMusicNav.xml) + [!String.IsEmpty(Container.PluginName)]] | [Container.Content(years) + Window.IsVisible(MyMusicNav.xml) + [!String.IsEmpty(Container.PluginName)]] | [Container.Content(addons) + [String.IsEqual(Container.PluginName,plugin.video.fanfilm)]]]</expression>
    <expression name="Exp_View_50_Include">True</expression>
    <expression name="Exp_View_51">[[Container.Content(albums) + [[String.IsEmpty(Container.PluginName)] | [!String.IsEmpty(Container.PluginName)]]] | [Container.Content(images) + [[String.IsEmpty(Container.PluginName)] | [!String.IsEmpty(Container.PluginName)]]] | [Container.Content(musicvideos) + [[String.IsEmpty(Container.PluginName)] | [!String.IsEmpty(Container.PluginName)]]]]</expression>
    <expression name="Exp_View_51_Include">True</expression>
    <expression name="Exp_View_52">[[Container.Content(actors) + [[String.IsEmpty(Container.PluginName)] | [!String.IsEmpty(Container.PluginName)]]] | [Container.Content(movies) + [[String.IsEmpty(Container.PluginName)] | [!String.IsEmpty(Container.PluginName)]]] | [Container.Content(tvshows) + [[String.IsEmpty(Container.PluginName)] | [!String.IsEmpty(Container.PluginName) + !String.IsEqual(Container.PluginName,plugin.video.netflix)]]]]</expression>
    <expression name="Exp_View_52_Include">True</expression>
    <expression name="Exp_View_53">[[Container.Content(seasons) + [[String.IsEmpty(Container.PluginName)] | [!String.IsEmpty(Container.PluginName)]]] | [Container.Content(tags) + [String.IsEmpty(Container.PluginName)]] | [Container.Content(countries) + [String.IsEmpty(Container.PluginName)]] | [Container.Content(genres) + !Window.IsVisible(MyMusicNav.xml) + [String.IsEmpty(Container.PluginName)]] | [Container.Content(genres) + Window.IsVisible(MyMusicNav.xml) + [String.IsEmpty(Container.PluginName)]] | [Container.Content(studios) + [String.IsEmpty(Container.PluginName)]] | [Container.Content(years) + !Window.IsVisible(MyMusicNav.xml) + [String.IsEmpty(Container.PluginName)]] | [Container.Content(years) + Window.IsVisible(MyMusicNav.xml) + [String.IsEmpty(Container.PluginName)]] | [Container.Content(directors) + [String.IsEmpty(Container.PluginName)]]]</expression>
    <expression name="Exp_View_53_Include">True</expression>
    <expression name="Exp_View_54">[[Container.Content(artists) + [[String.IsEmpty(Container.PluginName)] | [!String.IsEmpty(Container.PluginName)]]] | [Container.Content(videos) + [[String.IsEmpty(Container.PluginName)] | [!String.IsEmpty(Container.PluginName) + !String.IsEqual(Container.PluginName,plugin.video.youtube)]]] | [Container.Content(sets) + [[String.IsEmpty(Container.PluginName)] | [!String.IsEmpty(Container.PluginName)]]] | [Container.Content(episodes) + [[String.IsEmpty(Container.PluginName)] | [!String.IsEmpty(Container.PluginName)]]]]</expression>
    <expression name="Exp_View_54_Include">True</expression>
    <expression name="Exp_View_57">[False]</expression>
    <expression name="Exp_View_57_Include">False</expression>
    <expression name="Exp_View_58">[False]</expression>
    <expression name="Exp_View_58_Include">False</expression>
    <expression name="Exp_View_59">[False]</expression>
    <expression name="Exp_View_59_Include">False</expression>
    <expression name="Exp_View_55">[[Container.Content(files) + [[String.IsEmpty(Container.PluginName) | String.IsEqual(Container.PluginName,plugin.video.fanfilm)] | [!String.IsEmpty(Container.PluginName)]]] | [Container.Content(tvshows) + [String.IsEqual(Container.PluginName,plugin.video.netflix)]]]</expression>
    <expression name="Exp_View_55_Include">True</expression>
    <expression name="Exp_View_500">[[Container.Content(addons) + [[String.IsEmpty(Container.PluginName)] | [!String.IsEmpty(Container.PluginName) + !String.IsEqual(Container.PluginName,plugin.video.fanfilm)]]] | [Container.Content(songs) + [[String.IsEmpty(Container.PluginName)] | [!String.IsEmpty(Container.PluginName)]]] | [Window.IsVisible(MyPVRTimers.xml) + [[String.IsEmpty(Container.PluginName)] | [!String.IsEmpty(Container.PluginName)]]] | [Window.IsVisible(MyPVRSearch.xml) + [[String.IsEmpty(Container.PluginName)] | [!String.IsEmpty(Container.PluginName)]]] | [Window.IsVisible(MyPVRRecordings.xml) + [[String.IsEmpty(Container.PluginName)] | [!String.IsEmpty(Container.PluginName)]]] | [Container.Content(directors) + [!String.IsEmpty(Container.PluginName)]] | [Container.Content() + !Window.IsVisible(MyPVRTimers.xml) + !Window.IsVisible(MyPVRSearch.xml) + !Window.IsVisible(MyPVRRecordings.xml) + [[String.IsEqual(Container.PluginName,plugin.program.advanced.emulator.launcher)] | [!String.IsEmpty(Container.PluginName)]]]]</expression>
    <expression name="Exp_View_500_Include">True</expression>
    <expression name="Exp_View_501">[False]</expression>
    <expression name="Exp_View_501_Include">False</expression>
    <expression name="Exp_View_502">[False]</expression>
    <expression name="Exp_View_502_Include">False</expression>
    <expression name="Exp_View_504">[[Container.Content(videos) + [String.IsEqual(Container.PluginName,plugin.video.youtube)]]]</expression>
    <expression name="Exp_View_504_Include">True</expression>
    <expression name="Exp_View_56">[False]</expression>
    <expression name="Exp_View_56_Include">False</expression>
</includes>