<?xml version="1.0" encoding="UTF-8"?>
<!-- Foundation -->
<window id="2901">
    <onload condition="!Player.PauseEnabled">SetFocus(15)</onload>
    <onload condition="Player.PauseEnabled">SetFocus(14)</onload>
    <onunload>ClearProperty(OSDInfo,Home)</onunload>
    <controls>

        <control type="button" id="99220">
            <include>Defs_Hidden_Button</include>
            <onfocus>SetFocus(15)</onfocus>
            <onfocus condition="Window.IsVisible(videoosd)">Action(Close)</onfocus>
        </control>

        <control type="button">
            <description>background close area</description>
            <left>0</left>
            <top>0</top>
            <width>100%</width>
            <bottom>200</bottom>
            <texturefocus />
            <texturenofocus />
            <onclick>Action(close)</onclick>
        </control>

        <control type="group">
            <visible>!Window.IsVisible(DialogPlayerProcessInfo.xml)</visible>
            <control type="group">
                <visible>!Window.IsVisible(DialogSlider.xml)</visible>
                <visible>!Window.IsVisible(VideoOSDBookmarks.xml)</visible>
                <animation effect="fade" start="100" end="0" time="200" condition="Control.HasFocus(9605)">Conditional</animation>
                    
                <control type="grouplist" id="9000">
                    <include condition="!VideoPlayer.Content(musicvideos) + !VideoPlayer.Content(LiveTV)">OSD_VideoPosition</include>
                    <include condition="VideoPlayer.Content(musicvideos) + !VideoPlayer.Content(LiveTV)">OSD_MusicPosition</include>
                    <include condition="VideoPlayer.Content(LiveTV)">OSD_LiveTVPosition</include>
                    <itemgap>32</itemgap>

                    <onup condition="!VideoPlayer.Content(LiveTV) + String.IsEmpty(Window(Home).Property(OSDInfo)) + !Skin.HasSetting(PlayerScrollSeekbar)">SetProperty(OSDInfo,1,Home)</onup>
                    <onup condition="!VideoPlayer.Content(LiveTV) + !String.IsEmpty(Window(Home).Property(OSDInfo)) + !Skin.HasSetting(PlayerScrollSeekbar)">ClearProperty(OSDInfo,Home)</onup>
                    <onup condition="!VideoPlayer.Content(LiveTV) + Skin.HasSetting(PlayerScrollSeekbar)">6500</onup>
                    <ondown condition="!VideoPlayer.Content(LiveTV) + String.IsEmpty(Window(Home).Property(OSDInfo))">Close</ondown>
                    <ondown condition="!VideoPlayer.Content(LiveTV) + !String.IsEmpty(Window(Home).Property(OSDInfo))">ClearProperty(OSDInfo,Home)</ondown>

                    <onup condition="VideoPlayer.Content(LiveTV)">Close</onup>
                    <onup condition="VideoPlayer.Content(LiveTV)">ActivateWindow(1139)</onup>
                    <ondown condition="VideoPlayer.Content(LiveTV)">Close</ondown>
                    <ondown condition="VideoPlayer.Content(LiveTV)">ActivateWindow(1139)</ondown>

                    <orientation>horizontal</orientation>
                    <usecontrolcoords>true</usecontrolcoords>
                    <include condition="!VideoPlayer.Content(LiveTV)">OSD_Controls</include>
                    <include condition="VideoPlayer.Content(LiveTV)">OSD_Controls_LiveTV</include>
                </control>
            </control>

            <include content="OSD_Menu_List">
                <param name="content" value="Items_OSD_Settings" />
                <param name="height" value="578" />
                <param name="id" value="3112" />
                <param name="label" value="$LOCALIZE[33063]" />
                <param name="position" value="330,116" />
            </include>

            <control type="group">
                <visible>Window.IsVisible(DialogVideoInfo.xml)</visible>
                <include>Global_Background</include>
                <include>Topbar</include>
            </control>

            <control type="slider" id="6500">
                <bottom>112</bottom>
                <height>32</height>
                <left>view_pad</left>
                <width>1800</width>
                <texturesliderbar/>
                <textureslidernib/>
                <textureslidernibfocus/>
                <info>Player.Progress</info>
                <action>seek</action>
                <ondown condition="Skin.HasSetting(PlayerScrollSeekbar)">14</ondown>
            </control>
        </control>

    </controls>

</window>
