<?xml version="1.0" encoding="UTF-8"?>
<window id="11112">
	<defaultcontrol>10070</defaultcontrol>
    <animation effect="slide" tween="quadratic" easing="out" time="200" start="0,-400" end="0">WindowOpen</animation>
    <animation effect="fade" start="100" end="0" time="200">WindowClose</animation>
	<controls>
		<control type="group" id="10072">
			<width>550</width>
			<control type="group">
		        <control type="image">
		            <height>82</height>
        		    <texture colordiffuse="DialogBG">common/white.png</texture>
		        </control>
		        <control type="image">
        	    	<top>14</top>
	            	<left>34</left>
    		        <width>60</width>
            		<height>60</height>
		            <texture colordiffuse="ListLabel">ap-icon.png</texture>
        		</control>
        		<control type="label" id="10071">
            		<left>100</left>
    		        <top>14</top>
        		    <height>60</height>
            		<aligny>center</aligny>
	            	<align>left</align>
	    	        <label></label>
    	    	</control>
			</control>
			<control type="group" id="10073">
		        <control type="image">
		            <height>20</height>
        		    <texture colordiffuse="DialogBG">common/white.png</texture>
		        </control>
			</control>
			<control type="panel" id="10070">
				<top>82</top>
				<onleft>10070</onleft>
				<onright>10070</onright>
				<onup>10070</onup>
				<ondown>10070</ondown>
				<orientation>vertical</orientation>
			<itemlayout height="82">
			        <control type="image">
        			    <texture colordiffuse="DialogBG">common/white.png</texture>
			        </control>
					<control type="image">
						<left>30</left>
						<width>490</width>
						<height>72</height>
						<texture colordiffuse="PosterBorder">common/white.png</texture>
					</control>
					<control type="label">
						<top>15</top>
						<left>50</left>
						<width>450</width>
						<height>67</height>
						<aligny>true</aligny>
		                <font>Font-ListInfo-Small</font>
        		        <textcolor>ListLabel</textcolor>
						<label>$INFO[ListItem.Label]</label>
					</control>
				</itemlayout>
				<focusedlayout height="82">
			        <control type="image">
        			    <texture colordiffuse="DialogBG">common/white.png</texture>
			        </control>
					<control type="image">
						<left>30</left>
						<width>490</width>
						<height>72</height>
						<texture colordiffuse="$VAR[HighlightColor]">common/white.png</texture>
					</control>
					<control type="label">
						<top>15</top>
						<left>50</left>
						<width>450</width>
						<height>67</height>
						<aligny>true</aligny>
		                <font>Font-ListInfo-Small</font>
        		        <textcolor>Selected</textcolor>
						<label>$INFO[ListItem.Label]</label>
					</control>
				</focusedlayout>
			</control>
		</control>
	</controls>
</window>
