<?xml version="1.0" encoding="UTF-8"?>
<window>
    <animation effect="fade" start="0" end="100" time="300">WindowOpen</animation>
    <animation effect="fade" end="0" start="100" time="300">WindowClose</animation>
    <onload>CancelAlarm(osd_timeout,true)</onload>
    <controls>
        <include content="Object_Control">
            <param name="control" value="image" />
            <texture colordiffuse="panel_bg">background/floor.png</texture>
        </include>
        <include content="Dialog_Background">
            <include content="Animation_SlideIn_Dialog">
                <param name="windowopen_delay">200</param>
            </include>
<!-- notoco -->
            <height>510</height>
            <width>1080</width>
            <left>grid_x04</left>
            <bottom>160</bottom>
            <control type="image">
                <bottom>-16</bottom>
                <centerleft>63</centerleft>
                <height>16</height>
                <width>16</width>
                <texture colordiffuse="dialog_bg_100" flipy="true">arrows/arrow-menu-up.png</texture>
            </control>
            <include content="Object_MenuHeader">
                <param name="label">[CAPITALIZE]$LOCALIZE[10116][/CAPITALIZE]</param>
            </include>
            <control type="grouplist">
                <top>120</top>
                <left>grid_x04</left>
                <right>grid_x04</right>
                <itemgap>10</itemgap>
                <orientation>vertical</orientation>
<!-- notoco -->
                <control type="label">
                    <height>80</height>
                    <align>right</align>
                    <font>font_mini</font>
                    <textcolor>dialog_fg_70</textcolor>
                    <label>$INFO[Player.Process(videodecoder),[B]$LOCALIZE[31216][/B][CR]]$VAR[Label_VideoHWDecoder, (,)]</label>
                </control>
                <control type="label">
                    <height>80</height>
                    <align>right</align>
                    <font>font_mini</font>
                    <textcolor>dialog_fg_70</textcolor>
                    <label>$INFO[Player.Process(pixformat),[B]$LOCALIZE[31217][/B][CR]]</label>
                </control>
                <control type="label">
                    <height>80</height>
                    <align>right</align>
                    <font>font_mini</font>
                    <textcolor>dialog_fg_70</textcolor>
                    <label>$INFO[Player.Process(deintmethod),[B]$LOCALIZE[16038][/B][CR]]</label>
                </control>
            </control>
            <control type="grouplist">
                <top>120</top>
                <left>grid_x04</left>
                <right>grid_x04</right>
                <itemgap>10</itemgap>
                <orientation>vertical</orientation>
<!-- notoco -->
                <control type="label">
                    <height>80</height>
                    <align>left</align>
                    <font>font_mini</font>
                    <textcolor>dialog_fg_70</textcolor>
                    <label>$INFO[Player.Process(videowidth),[B]$LOCALIZE[38031][/B][CR],x]$INFO[Player.Process(videoheight),, $LOCALIZE[31261]]$INFO[Player.Process(videodar),$COMMA , $LOCALIZE[31260]]$INFO[Player.Process(videofps),$COMMA , $LOCALIZE[31259]]</label>
                </control>
                <control type="label">
                    <height>80</height>
                    <align>left</align>
                    <font>font_mini</font>
                    <textcolor>dialog_fg_70</textcolor>
                    <label>[B]$LOCALIZE[460][/B][CR]$INFO[Player.Process(audiochannels),,$COMMA ]$INFO[Player.Process(audiodecoder)]$INFO[Player.Process(audiobitspersample),$COMMA , $LOCALIZE[31263]]$INFO[Player.Process(audiosamplerate),$COMMA , $LOCALIZE[31262]]</label>
                </control>
                <control type="label">
                    <height>140</height><!-- notoco -->
                    <align>left</align>
                    <font>font_mini</font>
                    <textcolor>dialog_fg_70</textcolor>
                    <label>$INFO[System.Memory(used.percent),[B]$LOCALIZE[31256][/B][CR]$LOCALIZE[31257]: ,  ][CR]$INFO[System.CpuUsage,$LOCALIZE[31258]: ,][CR]Bufor: $INFO[Player.CacheLevel]%</label><!-- notoco -->
                </control>
                <control type="progress">
                    <height>10</height>
                    <width>auto</width>
                    <texturesliderbar/>
                    <textureslidernib/>
                    <textureslidernibfocus/>
                    <info>Player.CacheLevel</info>
                    <action>seek</action>
                </control>
            </control>
        </include>
        <control type="group">
            <height>40</height>
            <left>60</left><!-- notoco -->
            <right>view_pad</right>
            <bottom>view_pad</bottom>
            <include content="OSD_Codecs_Mono"><!-- notoco -->
                <param name="align" value="left" />
                <centertop>50%</centertop>
            </include>
        </control>



    </controls>        
</window>
