<?xml version="1.0" encoding="UTF-8"?>
<addon id="script.service.hyperion-control" name="Hyperion Control" version="19.0.2" provider-name="hyperion-project">
  <requires>
	<import addon="xbmc.addon"  version="17.0.0"/>
    <import addon="xbmc.python" version="3.0.0"/>
	<import addon="script.module.simplejson" version="3.3.0"/>
	<import addon="script.module.httplib2" version="0.8.0"/>
  </requires>
  <extension point="xbmc.service" library="service.py" start="login">
    <provides>service</provides>
  </extension>
  <extension point="xbmc.addon.metadata">
    <summary lang="en_GB">Control Hyperion Ambilight</summary>
    <summary lang="de_DE">Hyperion Ambilight Steuerung</summary>
    <description lang="en_GB">Enable and disable components (like capture) of Hyperion automatically based on playing/screensaver state of Kodi[CR]-Supports auto detection of Hyperion Servers[CR]-Token authentication</description>
    <description lang="de_DE">Aktiviere und deaktiviere automatisch Hyperion Komponenten basierend auf dem aktuellen Kodi Status[CR]-Unterstützt Hyperion Server suche[CR]-Token Autorisierung</description>
    <disclaimer lang="en_GB"></disclaimer>
    <language></language>
    <platform>all</platform>
    <license>MIT</license>
    <forum>https://hyperion-project.org/forum</forum>
    <website>https://www.hyperion-project.org</website>
    <email></email>
    <source>https://github.com/hyperion-project/hyperion.control</source>
    <news>
      19.0.2
      - New languages: Español, Français, Polski

      19.0.1
      - Kodi 19 support
      - minor cleanups and corrections

      1.0.1
      - Fixed a crash with 3d mode @b-jesch

      1.0.0
      - Added support for server search
      - Added support token authentication
      - Fixed issue where kodi api does not properly announce video playing states
    </news>
	<assets>
		<icon>resources/media/icon.png</icon>
		<fanart>resources/media/fanart.png</fanart>
		<screenshot>resources/media/screenshot-01.png</screenshot>
	</assets>
  </extension>
</addon>
