<?xml version="1.0" encoding="UTF-8"?>
<window>
    <zorder>99</zorder>
    <controls>
        <include content="Furniture_Busy">
            <visible>!Window.IsVisible(DialogVolumeBar.xml) | $EXP[Exp_PlayerMuted]</visible>
            <visible>!$EXP[Exp_WindowVisible_DialogNotification]</visible>
            <visible>!$EXP[Exp_WindowVisible_DialogExtendedProgressBar]</visible>
        </include>

        <include content="Furniture_Busy">
            <param name="backing" value="false" />
            <param name="haslabel" value="false" />
            <param name="icon" value="special://skin/extras/icons/_none.png" />
            <visible>!Window.IsVisible(DialogVolumeBar.xml) | $EXP[Exp_PlayerMuted]</visible>
            <visible>$EXP[Exp_WindowVisible_DialogNotification]</visible>
        </include>

        <include content="Object_Hidden_Button">
            <param name="control" value="progress" />
            <param name="id" value="10" />
        </include>
    </controls>
</window>
