<?xml version="1.0" encoding="UTF-8"?>
<includes>

    <!-- Main Group for DialogInfo -->
    <include name="DialogInfo_MainGroup">
        <control type="group">
            <animation effect="fade" start="100" end="0" condition="!String.IsEmpty(Window(Home).Property(TMDBHelper.Recommendations.HideInfo))">Conditional</animation>
            <visible>!Window.IsActive(script-tmdbhelper-recommendations.xml)</visible>
            <visible>!ControlGroup(6000).HasFocus()</visible>
            <visible>String.IsEmpty(Window(Home).Property(Recommendations.IsLoading))</visible>
            <visible>!Window.IsVisible(script-tmdbhelper-wikipedia.xml)</visible>
            <include>Animation_Common</include>
            <nested />
        </control>
    </include>

    <!-- Main Group for DialogInfo -->
    <include name="DialogInfo_SlideGroup">
        <control type="group">
            <animation effect="slide" start="0" end="100" time="400" tween="cubic" easing="out" reversible="false" condition="[ControlGroup(4000).HasFocus() | [Control.HasFocus(7002) + Skin.HasSetting(DialogInfo.FocusButtons)]]">Conditional</animation>
            <animation effect="slide" end="0" start="100" time="400" tween="cubic" easing="out" reversible="false" condition="![ControlGroup(4000).HasFocus() | [Control.HasFocus(7002) + Skin.HasSetting(DialogInfo.FocusButtons)]]">Conditional</animation>
            <animation effect="slide" start="0" end="-540" time="400" tween="cubic" easing="out" reversible="false" condition="[Control.HasFocus(9801) | Control.HasFocus(9802)]">Conditional</animation>
            <animation effect="slide" end="0" start="-540" time="400" tween="cubic" easing="out" reversible="false" condition="![Control.HasFocus(9801) | Control.HasFocus(9802)]">Conditional</animation>
            <nested />
        </control>
    </include>

    <!-- Left Group for DialogInfo -->
    <include name="DialogInfo_LeftGroup">
        <param name="poster_visible">true</param>
        <param name="diffuse">diffuse/poster_w460_h680.png</param>
        <param name="width">infodialog_poster_w</param>
        <param name="height">infodialog_poster_h</param>
        <definition>
            <control type="group">
                <width>infodialog_left_w</width>
                <include content="Animation_Left_Delay">
                    <param name="windowopen_condition">String.IsEmpty(Window(Home).Property(TMDBHelper.Recommendations.HideInfo))</param>
                </include>
                <nested />
                <include content="Object_BigPoster">
                    <param name="diffuse">$PARAM[diffuse]</param>
                    <param name="icon">$PARAM[icon]</param>
                    <top>view_top</top>
                    <centerleft>50%</centerleft>
                    <width>$PARAM[width]</width>
                    <height>$PARAM[height]</height>
                    <visible>$PARAM[poster_visible]</visible>
                </include>
            </control>
        </definition>
    </include>

    <!-- Right Group for DialogInfo -->
    <include name="DialogInfo_RightGroup">
        <param name="left" default="infodialog_left_w" />
        <definition>
            <control type="group">
                <left>$PARAM[left]</left>
                <include>Dimension_View</include>
                <include content="Animation_Right_Delay">
                    <param name="windowopen_condition">String.IsEmpty(Window(Home).Property(TMDBHelper.Recommendations.HideInfo))</param>
                </include>
                <nested />
            </control>
        </definition>
    </include>

    <!-- Button Group for DialogInfo -->
    <include name="DialogInfo_ButtonGroup">
        <control type="grouplist" id="4000">
            <top>view_top</top>
            <itemgap>30</itemgap>
            <orientation>vertical</orientation>
            <width>60</width>
            <left>view_pad</left>
            <visible allowhiddenfocus="true">ControlGroup(4000).HasFocus()</visible>
            <animation effect="fade" reversible="false" start="0" end="100" time="400" delay="200">Visible</animation>
            <animation effect="fade" reversible="false" start="100" end="0" time="200" delay="0">Hidden</animation>
            <animation effect="fade" reversible="false" start="0" end="100" time="400" delay="600">WindowOpen</animation>
            <animation effect="fade" reversible="false" start="100" end="0" time="100" delay="0">WindowClose</animation>
            <onleft condition="!Integer.IsEqual(Container(7003).NumItems,0)">SetFocus(7003)</onleft>
            <onleft condition="!Skin.HasSetting(DialogInfo.FocusButtons) + Integer.IsEqual(Container(7003).NumItems,0)">5000</onleft>
            <onright condition="!Skin.HasSetting(DialogInfo.FocusButtons)">5000</onright>
            <onright condition="Skin.HasSetting(DialogInfo.FocusButtons)">SetFocus(9801)</onright>
            <onback condition="!Skin.HasSetting(DialogInfo.FocusButtons)">5000</onback>
            <onback condition="Skin.HasSetting(DialogInfo.FocusButtons)">Dialog.Close(movieinformation)</onback>
            <onup condition="Skin.HasSetting(DialogInfo.FocusButtons) + String.IsEmpty(Window(Home).Property(ResetScroll))">SetProperty(ResetScroll," ",home)</onup>
            <onup condition="Skin.HasSetting(DialogInfo.FocusButtons) + !String.IsEmpty(Window(Home).Property(ResetScroll))">ClearProperty(ResetScroll,home)</onup>
            <onup condition="Skin.HasSetting(DialogInfo.FocusButtons)">61</onup>
            <ondown condition="Skin.HasSetting(DialogInfo.FocusButtons)">7002</ondown>
            <include>$PARAM[include]</include>
        </control>
    </include>

    <!-- Hidden Button Control in lieu of Button Group -->
    <include name="DialogInfo_ButtonHidden">
        <include content="Object_Hidden_Button">
            <param name="id" value="5000" />
            <onup condition="String.IsEmpty(Window(Home).Property(ResetScroll))">SetProperty(ResetScroll," ",home)</onup>
            <onup condition="!String.IsEmpty(Window(Home).Property(ResetScroll))">ClearProperty(ResetScroll,home)</onup>
            <onup>61</onup>
            <ondown>7002</ondown>
            <onclick condition="!$EXP[Exp_IsPersonInfo]">SetFocus(5001)</onclick>
            <onclick condition="!$EXP[Exp_IsPersonInfo]">Action(Select)</onclick>
            <onclick condition="!$EXP[Exp_IsPersonInfo]">SetFocus(5000)</onclick>
            <onclick condition="$EXP[Exp_IsPersonInfo]">runscript(plugin.video.themoviedb.helper,wikipedia=$VAR[Path_Wikipedia_Title],tmdb_type=person)</onclick>
            <onleft>4000</onleft>
            <onright>SetFocus(9801)</onright>
        </include>
    </include>

    <include name="DialogInfo_PullTab">
        <control type="group">
            <nested />
            <left>0</left>
            <height>80</height>
            <width>80</width>
            <visible>!ControlGroup(4000).HasFocus()</visible>
            <include>Animation_FadeIn_Delay</include>
            <control type="image">
                <right>0</right>
                <width>30</width>
                <height>60</height>
                <centertop>50%</centertop>
                <texture colordiffuse="dialog_bg_100">common/halfcircle.png</texture>
            </control>
            <control type="image">
                <texture colordiffuse="dialog_fg_90">special://skin/extras/icons/bars.png</texture>
                <width>32</width>
                <height>32</height>
                <centertop>50%</centertop>
                <right>-3</right>
            </control>
        </control>
    </include>

    <!-- Furniture -->
    <include name="DialogInfo_Furniture">
        <control type="group">
            <visible>!Window.IsVisible(script-tmdbhelper-recommendations.xml)</visible>
            <visible>!Window.IsVisible(script-tmdbhelper-wikipedia.xml)</visible>
            <include content="Furniture_Top_Right">
                <param name="icon">special://skin/extras/icons/info2.png</param>
            </include>
            <include>Furniture_Top_Left</include>
            <include content="DialogInfo_Codecs">
                <param name="arrow_visible">$PARAM[downarrow_visible]</param>
            </include>
        </control>
    </include>

    <!-- Bottom Row Codecs -->
    <include name="DialogInfo_Codecs">
        <control type="group">
            <visible>!ControlGroup(6000).HasFocus()</visible>
            <visible>!Window.IsActive(script-tmdbhelper-recommendations.xml)</visible>
            <animation effect="fade" start="0" end="100" delay="400" time="400">Visible</animation>
            <animation effect="fade" start="100" end="0" delay="0" time="400">Hidden</animation>
            <include>Furniture_Bottom</include>
            <include content="DialogInfo_MouseNavArrow">
                <visible>$PARAM[arrow_visible]</visible>
            </include>
            <control type="image">
                <texture colordiffuse="main_fg_80">special://skin/extras/icons/angle-left.png</texture>
                <width>40</width>
                <height>40</height>
                <centerleft>40</centerleft>
                <centerbottom>100</centerbottom>
                <visible>Control.HasFocus(5000) | Control.HasFocus(9801) | Control.HasFocus(9802)</visible>
                <include>Animation_FadeIn_LongDelay</include>
            </control>
            <control type="image">
                <texture colordiffuse="main_fg_80">special://skin/extras/icons/angle-right.png</texture>
                <width>40</width>
                <height>40</height>
                <centerright>40</centerright>
                <centerbottom>100</centerbottom>
                <visible>[Control.HasFocus(5000) + [String.IsEqual(ListItem.DBType,movie) | String.IsEqual(ListItem.DBType,tvshow) | String.IsEqual(ListItem.DBType,season) | String.IsEqual(ListItem.DBType,episode) | String.IsEqual(ListItem.DBType,artist) | String.IsEqual(ListItem.DBType,album) | String.IsEqual(ListItem.DBType,song)]] | ControlGroup(4000).HasFocus()</visible>
                <include>Animation_FadeIn_LongDelay</include>
            </control>
        </control>
    </include>

    <!-- Mouse Nav -->
    <include name="DialogInfo_MouseNavArrow">
        <control type="group">
            <bottom>0</bottom>
            <height>grid_x14</height>
            <visible>Control.HasFocus(5000)</visible>
            <include>Animation_FadeIn_LongDelay</include>
            <nested />
            <include content="Object_NavButton">
                <param name="flipy">true</param>
                <param name="id">5000</param>
            </include>
        </control>
    </include>

    <!-- Additional Video Info Details not included in info line such as Director and Genres -->
    <include name="DialogInfo_VideoDetails">
        <control type="group">
            <nested />
            <control type="grouplist">
                <left>-grid_x04</left>
                <top>-grid_x04</top>
                <width>grid_x44</width>
                <height>350</height>
                <orientation>vertical</orientation>
                <itemgap>grid_x03</itemgap>
                <control type="group">
                    <top>10</top>
                </control>
                <include content="Object_InfoCircle">
                    <param name="icon">special://skin/extras/icons/video-addons.png</param>
                    <param name="role" value="$LOCALIZE[20339]" />
                    <param name="name" value="$VAR[Label_Director]" />
                    <visible>!String.IsEmpty(Container(99950).ListItem.Director) | !String.IsEmpty(ListItem.Director)</visible>
                    <include content="Object_InfoCircle_Image">
                        <param name="colordiffuse">white</param>
                        <param name="icon">$VAR[Image_DirectorIcon]</param>
                    </include>
                </include>
                <include content="Object_InfoCircle">
                    <param name="icon">special://skin/extras/icons/write.png</param>
                    <param name="role" value="$LOCALIZE[20417]" />
                    <param name="name" value="$VAR[Label_Writer]" />
                    <visible>!String.IsEmpty(Container(99950).ListItem.Writer) | !String.IsEmpty(ListItem.Writer)</visible>
                    <include content="Object_InfoCircle_Image">
                        <param name="colordiffuse">white</param>
                        <param name="icon">$VAR[Image_WriterIcon]</param>
                    </include>
                </include>
                <include content="Object_InfoCircle">
                    <param name="icon">special://skin/extras/icons/person.png</param>
                    <param name="role" value="$LOCALIZE[31065]" />
                    <param name="name" value="$INFO[Container(99950).ListItem.Property(Creator)]" />
                    <visible>!String.IsEmpty(Container(99950).ListItem.Property(Creator))</visible>
                    <include content="Object_InfoCircle_Image">
                        <param name="colordiffuse">white</param>
                        <param name="icon">$VAR[Image_CreatorIcon]</param>
                    </include>
                </include>
                <include content="Object_InfoCircle">
                    <param name="icon" value="special://skin/extras/icons/director.png" />
                    <param name="role" value="$LOCALIZE[572]" />
                    <param name="name" value="$VAR[Label_Studio]" />
                    <visible>!String.IsEmpty(Container(99950).ListItem.Studio) | !String.IsEmpty(ListItem.Studio)</visible>
                </include>
                <include content="Object_InfoCircle">
                    <param name="icon" value="special://skin/extras/icons/earth-americas.png" />
                    <param name="role" value="$LOCALIZE[574]" />
                    <param name="name" value="$VAR[Label_Country]" />
                    <visible>!String.IsEmpty(Container(99950).ListItem.Country) | !String.IsEmpty(ListItem.Country)</visible>
                </include>
            </control>
            <control type="grouplist">
                <left>grid_x40</left>
                <top>-grid_x04</top>
                <orientation>vertical</orientation>
                <itemgap>grid_x03</itemgap>
                <height>270</height>
                <control type="group">
                    <top>10</top>
                </control>
                <include content="Object_InfoCircle">
                    <param name="icon" value="special://skin/extras/icons/trophy.png" />
                    <param name="role" value="$LOCALIZE[31064]" />
                    <param name="name" value="$INFO[Container(99950).ListItem.Property(Awards)]" />
                    <visible>!String.IsEmpty(Container(99950).ListItem.Property(Awards))</visible>
                </include>
                <include content="Object_InfoCircle">
                    <param name="icon" value="special://skin/extras/icons/coins.png" />
                    <param name="role" value="$LOCALIZE[31264] / $LOCALIZE[31265]" />
                    <param name="name" value="$INFO[Container(99950).ListItem.Property(Revenue),, $LOCALIZE[19159] ]$INFO[Container(99950).ListItem.Property(Budget)]" />
                    <visible>!String.IsEmpty(Container(99950).ListItem.Property(Revenue)) | !String.IsEmpty(Container(99950).ListItem.Property(Budget))</visible>
                    <visible>!String.IsEqual(Container(99950).ListItem.Property(Budget),$0)</visible>
                </include>
                <include content="Object_InfoCircle">
                    <param name="icon" value="special://skin/extras/icons/genre.png" />
                    <param name="role" value="$LOCALIZE[515]" />
                    <param name="name" value="$VAR[Label_Genre]" />
                    <visible>!String.IsEmpty(Container(99950).ListItem.Genre) | !String.IsEmpty(ListItem.Genre)</visible>
                </include>
                <include content="Object_InfoCircle">
                    <param name="icon" value="special://skin/extras/icons/ticket.png" />
                    <param name="role" value="$LOCALIZE[202]" />
                    <param name="name" value="$VAR[Label_Tagline]" />
                    <visible>!String.IsEmpty(Container(99950).ListItem.Tagline) | !String.IsEmpty(ListItem.Tagline)</visible>
                </include>
            </control>
        </control>
    </include>

    <!-- OnRight ScrollNode -->
    <include name="DialogInfo_CollectionsNode">
        <control type="group">
            <visible>Control.HasFocus(9801) | Control.HasFocus(9802)</visible>
            <include>Animation_FadeIn_Delay</include>
            <include content="List_Button_Row">
                <param name="id">9801</param>
                <param name="orientation">vertical</param>
                <param name="offset_y">40</param>
                <param name="item_w">560</param>
                <param name="itemlayout_w">600</param>
                <param name="itemlayout_include">Layout_DiscoverButton</param>
                <content target="videos">$VAR[Path_Info_Collections]</content>
                <onleft condition="!Skin.HasSetting(DialogInfo.FocusButtons)">5000</onleft>
                <onleft condition="Skin.HasSetting(DialogInfo.FocusButtons)">4000</onleft>
                <onback condition="!Skin.HasSetting(DialogInfo.FocusButtons)">5000</onback>
                <onback condition="Skin.HasSetting(DialogInfo.FocusButtons)">4000</onback>
                <onright>9802</onright>
                <top>200</top>
                <bottom>-20</bottom>
                <left>-80</left>
                <width>680</width>
                <preloaditems>0</preloaditems>
                <focusposition>1</focusposition>
                <movement>2</movement>
                <include content="Animation_Reposition">
                    <param name="id">9801</param>
                    <param name="slide_y">-grid_x12</param>
                </include>
                <animation effect="fade" start="100" end="0" condition="Container(9801).IsUpdating">Conditional</animation>
                <content>
                    <item>
                        <label>$LOCALIZE[31225] $VAR[Path_FromDirector_Main]</label>
                        <property name="folderpath">videodb://movies/titles/?xsp={"rules":{"and":[{"field":"director","operator":"contains","value":["$VAR[Path_FromDirector_Main]"]}]},"type":"movies"}</property>
                        <visible>String.IsEqual(ListItem.DBType,movie)</visible>
                        <visible>!String.IsEmpty(ListItem.DBID)</visible>
                        <visible>!String.IsEmpty(Container(99950).ListItem.Property(Director.1.Name))</visible>
                    </item>
                    <item>
                        <label>$LOCALIZE[31341] $VAR[Path_FromWriter_Screenplay]</label>
                        <property name="folderpath">videodb://movies/titles/?xsp={"rules":{"and":[{"field":"writers","operator":"contains","value":["$VAR[Path_FromWriter_Screenplay]"]}]},"type":"movies"}</property>
                        <visible>String.IsEqual(ListItem.DBType,movie)</visible>
                        <visible>!String.IsEmpty(ListItem.DBID)</visible>
                        <visible>!String.IsEmpty(ListItem.Writer)</visible>
                    </item>
                    <item>
                        <label>$INFO[ListItem.Set]</label>
                        <property name="folderpath">$INFO[ListItem.SetID,videodb://movies/sets/,/]</property>
                        <visible>String.IsEqual(ListItem.DBType,movie)</visible>
                        <visible>!String.IsEmpty(ListItem.DBID)</visible>
                        <visible>!String.IsEmpty(ListItem.SetID)</visible>
                    </item>
                    <item>
                        <label>$INFO[Container(99950).ListItem.Property(Studio.1.Name)]</label>
                        <property name="folderpath">videodb://movies/titles/?xsp={"rules":{"and":[{"field":"studio","operator":"contains","value":["$INFO[Container(99950).ListItem.Property(Studio.1.Name)]"]}]},"type":"movies"}</property>
                        <visible>String.IsEqual(ListItem.DBType,movie)</visible>
                        <visible>!String.IsEmpty(ListItem.DBID)</visible>
                        <visible>!String.IsEmpty(Container(99950).ListItem.Property(Studio.1.Name))</visible>
                    </item>

                    <item>
                        <label>$LOCALIZE[31225] $VAR[Path_FromDirector_Main]</label>
                        <property name="folderpath">plugin://plugin.video.themoviedb.helper/?info=crew_in_movies&amp;type=person&amp;filter_key=job&amp;filter_value=Director&amp;query=$VAR[Path_FromDirector_Main]&amp;exclude_key=title&amp;exclude_value=$INFO[ListItem.Title]$VAR[Path_Param_Widget]</property>
                        <visible>String.IsEqual(ListItem.DBType,movie)</visible>
                        <visible>String.IsEmpty(ListItem.DBID)</visible>
                        <visible>!String.IsEmpty(Container(99950).ListItem.Property(Director.1.Name))</visible>
                    </item>
                    <item>
                        <label>$LOCALIZE[31341] $VAR[Path_FromWriter_Screenplay]</label>
                        <property name="folderpath">plugin://plugin.video.themoviedb.helper/?info=crew_in_movies&amp;type=person&amp;filter_key=job&amp;filter_value=Writer&amp;query=$VAR[Path_FromWriter_Screenplay]&amp;exclude_key=title&amp;exclude_value=$INFO[ListItem.Title]$VAR[Path_Param_Widget]</property>
                        <visible>String.IsEqual(ListItem.DBType,movie)</visible>
                        <visible>String.IsEmpty(ListItem.DBID)</visible>
                        <visible>!String.IsEmpty(Container(99950).ListItem.Property(Writer.1.Name))</visible>
                    </item>
                    <item>
                        <label>$INFO[Container(99950).ListItem.Set]</label>
                        <property name="folderpath">plugin://plugin.video.themoviedb.helper/?info=collection&amp;tmdb_type=collection&amp;tmdb_id=$INFO[Container(99950).ListItem.Property(Set.TMDb_ID)]$VAR[Path_Param_Widget]</property>
                        <visible>String.IsEqual(ListItem.DBType,movie)</visible>
                        <visible>String.IsEmpty(ListItem.DBID)</visible>
                        <visible>!String.IsEmpty(Container(99950).ListItem.Property(Set.TMDb_ID))</visible>
                    </item>
                    <item>
                        <label>$INFO[Container(99950).ListItem.Property(Studio.1.Name)]</label>
                        <property name="folderpath">plugin://plugin.video.themoviedb.helper/?info=discover&amp;type=movie&amp;with_companies=$INFO[Container(99950).ListItem.Property(Studio.1.TMDB_ID)]&amp;with_id=True&amp;exclude_key=title&amp;exclude_value=$INFO[ListItem.Title]$VAR[Path_Param_Widget]</property>
                        <visible>String.IsEqual(ListItem.DBType,movie)</visible>
                        <visible>String.IsEmpty(ListItem.DBID)</visible>
                        <visible>!String.IsEmpty(Container(99950).ListItem.Property(Studio.1.Name))</visible>
                    </item>

                    <item>
                        <label>$LOCALIZE[31066]</label>
                        <property name="folderpath">plugin://plugin.video.themoviedb.helper/?info=stars_in_movies&amp;type=person&amp;tmdb_id=$INFO[ListItem.Property(tmdb_id)]$VAR[Path_Param_Widget]</property>
                        <visible>$EXP[Exp_IsPersonInfo]</visible>
                    </item>
                    <item>
                        <label>$LOCALIZE[31067]</label>
                        <property name="folderpath">plugin://plugin.video.themoviedb.helper/?info=stars_in_tvshows&amp;type=person&amp;tmdb_id=$INFO[ListItem.Property(tmdb_id)]$VAR[Path_Param_Widget]</property>
                        <visible>$EXP[Exp_IsPersonInfo]</visible>
                    </item>
                    <item>
                        <label>$LOCALIZE[31225] $INFO[ListItem.Title]</label>
                        <property name="folderpath">plugin://plugin.video.themoviedb.helper/?info=crew_in_movies&amp;type=person&amp;filter_key=job&amp;filter_value=Director&amp;tmdb_id=$INFO[ListItem.Property(tmdb_id)]$VAR[Path_Param_Widget]</property>
                        <visible>$EXP[Exp_IsPersonInfo]</visible>
                    </item>
                    <item>
                        <label>$LOCALIZE[31341] $INFO[ListItem.Title]</label>
                        <property name="folderpath">plugin://plugin.video.themoviedb.helper/?info=crew_in_movies&amp;type=person&amp;filter_key=job&amp;filter_value=Writer&amp;tmdb_id=$INFO[ListItem.Property(tmdb_id)]$VAR[Path_Param_Widget]</property>
                        <visible>$EXP[Exp_IsPersonInfo]</visible>
                    </item>
                </content>
            </include>
            <control type="group">
                <top>200</top>
                <left>-80</left>
                <right>-600</right>
                <visible>Container(9801).IsUpdating</visible>
                <animation type="Visible" reversible="false">
                    <effect type="fade" start="0" end="100" time="400" delay="600"/>
                </animation>
                <include content="Object_BusySpinner">
                    <param name="colordiffuse">main_fg</param>
                </include>
            </control>
            <include content="List_Infolist">
                <param name="id">9802</param>
                <param name="orientation">vertical</param>
                <param name="offset_y">40</param>
                <param name="detailed">true</param>
                <content target="videos">$VAR[Path_CollectionNode_Content]</content>
                <onleft>9801</onleft>
                <left>520</left>
                <right>-600</right>
                <top>220</top>
                <bottom>-40</bottom>
                <visible>!Container.IsUpdating(9801) + [Container(9801).ListItem.IsFolder | !String.IsEmpty(Container(9801).ListItem.Property(folderpath))]</visible>
                <animation effect="fade" start="100" end="20" delay="600" time="200" condition="Container(9802).IsUpdating">Conditional</animation>
                <focusposition>1</focusposition>
                <movement>1</movement>
                <onclick>Dialog.Close(12003)</onclick>
                <onclick>PlayMedia($ESCINFO[Container(9802).ListItem.FileNameAndPath],playlist_type_hint=1)</onclick>
                <include content="Animation_Reposition">
                    <param name="id">9802</param>
                    <param name="slide_y">-grid_x16</param>
                </include>
            </include>
            <control type="group">
                <left>540</left>
                <right>-600</right>
                <top>200</top>
                <visible>!Container(9801).IsUpdating</visible>
                <visible>Container(9802).IsUpdating</visible>
                <animation type="Visible" reversible="false">
                    <effect type="fade" start="0" end="100" time="400" delay="600"/>
                </animation>
                <include content="Object_BusySpinner">
                    <param name="colordiffuse">main_fg</param>
                </include>
            </control>
        </control>
    </include>

    <!-- Additional Track Info -->
    <include name="DialogInfo_MusicTracks_ItemLayout">
        <include content="Object_InfoCircle">
            <param name="role" value="$INFO[ListItem.Label]" />
            <param name="name" value="$INFO[ListItem.Duration]" />
            <param name="bordersize" value="4" />
            <right>grid_x04</right>
            <control type="label">
                <width>50</width>
                <height>50</height>
                <font>font_tiny_black</font>
                <textcolor>dialog_fg_90</textcolor>
                <label>$INFO[ListItem.TrackNumber]</label>
                <align>center</align>
                <aligny>center</aligny>
            </control>
        </include>
    </include>
    <include name="DialogInfo_MusicAllTracks_ItemLayout">
        <include content="Object_InfoCircle">
            <param name="role">$INFO[ListItem.Label]</param>
            <param name="name">$INFO[ListItem.Album]</param>
            <param name="bordersize">4</param>
            <right>grid_x04</right>
            <control type="label">
                <width>50</width>
                <height>50</height>
                <font>font_tiny_black</font>
                <textcolor>dialog_fg_90</textcolor>
                <label>$INFO[ListItem.CurrentItem]</label>
                <align>center</align>
                <aligny>center</aligny>
            </control>
        </include>
    </include>
    <include name="DialogInfo_MusicTracks">
        <param name="detailed">false</param>
        <definition>
            <include content="Object_Control">
                <param name="control" value="panel" />
                <param name="id" value="$PARAM[id]" />
                <nested />
                <orientation>horizontal</orientation>
                <top>350</top>
                <left>-80</left>
                <height>grid_x36</height>
                <width>1120</width>
                <itemlayout height="grid_x08" width="560">
                    <control type="group">
                        <top>grid_x04</top>
                        <left>grid_x04</left>
                        <right>-grid_x04</right>
                        <bottom>-grid_x04</bottom>
                        <include condition="!$PARAM[detailed]">DialogInfo_MusicTracks_ItemLayout</include>
                        <include condition="$PARAM[detailed]">DialogInfo_MusicAllTracks_ItemLayout</include>
                    </control>
                </itemlayout>
                <focusedlayout height="grid_x08" width="560">
                    <control type="group">
                        <top>grid_x04</top>
                        <left>grid_x04</left>
                        <right>-grid_x04</right>
                        <bottom>-grid_x04</bottom>
                        <include condition="!$PARAM[detailed]">DialogInfo_MusicTracks_ItemLayout</include>
                        <include condition="$PARAM[detailed]">DialogInfo_MusicAllTracks_ItemLayout</include>
                    </control>
                </focusedlayout>
            </include>
        </definition>
    </include>

    <!-- Trailer PIP Window -->
    <include name="DialogInfo_VideoTrailer">
        <include content="Object_Control" condition="!Skin.HasSetting(VideoInfo.FullscreenTrailer)">
            <param name="control" value="group" />
            <visible>Control.HasFocus(7001)</visible>
            <visible>Player.HasVideo</visible>
            <include>Animation_Right_Delay</include>
            <control type="image">
                <include>Texture_Shadow_40</include>
                <texture colordiffuse="black" border="12">common/box.png</texture>
            </control>
            <control type="videowindow" />
            <include>DialogInfo_VideoTrailerControl</include>
        </include>
    </include>

    <!-- Trailer Control Button -->
    <include name="DialogInfo_VideoTrailerControl">
        <param name="onback">5000</param>
        <definition>
            <control type="group">
                <bottom>0</bottom>
                <height>10</height>
                <visible>Player.Seeking | Player.DisplayAfterSeek | Player.Paused</visible>
                <include>Animation_FadeIn</include>
                <include>Animation_FadeOut</include>
                <control type="progress" id="499">
                    <info>Player.SeekBar</info>
                    <height>10</height>
                </control>
                <control type="progress">
                    <height>10</height>
                    <info>Player.SeekBar</info>
                    <texturebg colordiffuse="00ffffff" border="6">progress/progress-bg.png</texturebg>
                    <lefttexture colordiffuse="00ffffff" border="6">progress/progress-left.png</lefttexture>
                    <midtexture colordiffuse="$VAR[ColorGradient]" border="6" diffuse="progress/diffuse.png">progress/progress-end.png</midtexture>
                    <righttexture colordiffuse="$VAR[ColorGradient]" border="6" diffuse="progress/diffuse-end.png">progress/progress-right.png</righttexture>
                    <include content="Defs_Progress_Colorfade">
                        <param name="id" value="499" />
                    </include>
                </control>
            </control>
            <control type="button" id="7001">
                <texturenofocus />
                <texturefocus />

                <oninfo>$PARAM[onback]</oninfo>
                <oninfo>ClearProperty(HasTrailer,Home)</oninfo>
                <oninfo condition="Player.HasVideo">Stop</oninfo>

                <onback>$PARAM[onback]</onback>
                <onback>ClearProperty(HasTrailer,Home)</onback>
                <onback condition="Player.HasVideo">Stop</onback>

                <onclick condition="!Player.HasVideo">SetFocus($PARAM[onback])</onclick>
                <onclick condition="!Player.HasVideo">ClearProperty(HasTrailer,Home)</onclick>
                <onclick condition="Player.HasVideo">PlayerControl(Play)</onclick>

                <onunfocus>SetFocus($PARAM[onback])</onunfocus>
                <onunfocus>ClearProperty(HasTrailer,Home)</onunfocus>
                <onunfocus condition="Player.HasVideo">Stop</onunfocus>

                <onleft condition="!Player.HasVideo">SetFocus($PARAM[onback])</onleft>
                <onleft condition="!Player.HasVideo">ClearProperty(HasTrailer,Home)</onleft>
                <onleft condition="Player.HasVideo">StepBack</onleft>

                <onright condition="!Player.HasVideo">SetFocus($PARAM[onback])</onright>
                <onright condition="!Player.HasVideo">ClearProperty(HasTrailer,Home)</onright>
                <onright condition="Player.HasVideo">StepForward</onright>

                <onup>SetFocus($PARAM[onback])</onup>
                <onup>ClearProperty(HasTrailer,Home)</onup>
                <onup condition="Player.HasVideo">Stop</onup>

                <ondown>SetFocus($PARAM[onback])</ondown>
                <ondown>ClearProperty(HasTrailer,Home)</ondown>
                <ondown condition="Player.HasVideo">Stop</ondown>
            </control>
        </definition>
    </include>

    <!-- Fake Fullscreen Trailer -->
    <include name="DialogInfo_VideoTrailerFullscreen">
        <include content="Object_Control" condition="Skin.HasSetting(VideoInfo.FullscreenTrailer)">
            <param name="control" value="group" />
            <visible>Control.HasFocus(7001)</visible>
            <visible>Player.HasVideo</visible>
            <control type="image">
                <texture colordiffuse="black">common/white.png</texture>
            </control>
            <control type="videowindow" />
            <include>DialogInfo_VideoTrailerControl</include>
        </include>
    </include>


    <!-- PlotBox Large -->
    <include name="DialogInfo_PlotBox">
        <param name="label">$INFO[ListItem.Tagline,[B]$LOCALIZE[202][/B][CR],[CR][CR]]$VAR[Label_Plot,[B]$LOCALIZE[31028][/B][CR],]$VAR[Label_OverlayCritics]$VAR[Label_OverlayAwardsWon]$VAR[Label_OverlayAwardsNominated]</param>
        <definition>
            <control type="group">
                <include>Info_Title</include>
                <visible allowhiddenfocus="true">Control.HasFocus(61)</visible>
                <include content="Object_Control">
                    <param name="control" value="textbox" />
                    <top>grid_x14</top>
                    <align>left</align>
                    <textcolor>main_fg_70</textcolor>
                    <font>font_huge_plot</font>
                    <label fallback="19055">$PARAM[label]$INFO[Window(Home).Property(ResetScroll)]</label>
                    <pagecontrol>61</pagecontrol>
                    <autoscroll>false</autoscroll>
                </include>
                <control type="scrollbar" id="61">
                    <centerright>-grid_x04</centerright>
                    <width>8</width>
                    <onleft condition="!Skin.HasSetting(DialogInfo.FocusButtons)">5000</onleft>
                    <onright condition="!Skin.HasSetting(DialogInfo.FocusButtons)">5000</onright>
                    <onup condition="!Skin.HasSetting(DialogInfo.FocusButtons)">5000</onup>
                    <ondown condition="!Skin.HasSetting(DialogInfo.FocusButtons)">5000</ondown>
                    <onleft condition="Skin.HasSetting(DialogInfo.FocusButtons)">4000</onleft>
                    <onright condition="Skin.HasSetting(DialogInfo.FocusButtons)">4000</onright>
                    <onup condition="Skin.HasSetting(DialogInfo.FocusButtons)">4000</onup>
                    <ondown condition="Skin.HasSetting(DialogInfo.FocusButtons)">4000</ondown>
                    <visible allowhiddenfocus="true">false</visible>
                </control>
            </control>
        </definition>
    </include>

    <include name="DialogInfo_ArtworkGallery">
        <control type="group">
            <include>Animation_Right_Delay</include>
            <visible>Control.HasFocus(7003)</visible>
            <control type="image">
                <include>Texture_Shadow_40</include>
                <texture colordiffuse="black" border="12">common/box.png</texture>
            </control>
            <control type="wraplist" id="7003">
                <orientation>vertical</orientation>
                <scrolltime tween="quadratic">400</scrolltime>
                <onright condition="!Skin.HasSetting(DialogInfo.FocusButtons)">5000</onright>
                <onright condition="Skin.HasSetting(DialogInfo.FocusButtons)">4000</onright>
                <onleft>4000</onleft>
                <onback>4000</onback>
                <itemlayout>
                    <control type="image">
                        <aspectratio scalediffuse="false">scale</aspectratio>
                        <texture background="true" diffuse="diffuse/landscape_w1220_h680.png">$INFO[ListItem.Icon]</texture>
                    </control>
                </itemlayout>
                <focusedlayout>
                    <control type="image">
                        <aspectratio scalediffuse="false">scale</aspectratio>
                        <texture background="true" diffuse="diffuse/landscape_w1220_h680.png">$INFO[ListItem.Icon]</texture>
                    </control>
                </focusedlayout>
                <content>
                    <item>
                        <icon>$INFO[Container(50).ListItem.Icon]</icon>
                        <visible>!String.IsEmpty(Container(50).ListItem.Icon)</visible>
                        <visible>Window.IsVisible(DialogAddonInfo.xml)</visible>
                    </item>
                    <item>
                        <icon>$INFO[Container(50).ListItemNoWrap(1).Icon]</icon>
                        <visible>!String.IsEmpty(Container(50).ListItemNoWrap(1).Icon)</visible>
                        <visible>Window.IsVisible(DialogAddonInfo.xml)</visible>
                    </item>
                    <item>
                        <icon>$INFO[Container(50).ListItemNoWrap(2).Icon]</icon>
                        <visible>!String.IsEmpty(Container(50).ListItemNoWrap(2).Icon)</visible>
                        <visible>Window.IsVisible(DialogAddonInfo.xml)</visible>
                    </item>
                    <item>
                        <icon>$INFO[Container(50).ListItemNoWrap(3).Icon]</icon>
                        <visible>!String.IsEmpty(Container(50).ListItemNoWrap(3).Icon)</visible>
                        <visible>Window.IsVisible(DialogAddonInfo.xml)</visible>
                    </item>
                    <item>
                        <icon>$INFO[Container(50).ListItemNoWrap(4).Icon]</icon>
                        <visible>!String.IsEmpty(Container(50).ListItemNoWrap(4).Icon)</visible>
                        <visible>Window.IsVisible(DialogAddonInfo.xml)</visible>
                    </item>
                    <item>
                        <icon>$INFO[Container(50).ListItemNoWrap(5).Icon]</icon>
                        <visible>!String.IsEmpty(Container(50).ListItemNoWrap(5).Icon)</visible>
                        <visible>Window.IsVisible(DialogAddonInfo.xml)</visible>
                    </item>
                    <item>
                        <icon>$INFO[Container(50).ListItemNoWrap(6).Icon]</icon>
                        <visible>!String.IsEmpty(Container(50).ListItemNoWrap(6).Icon)</visible>
                        <visible>Window.IsVisible(DialogAddonInfo.xml)</visible>
                    </item>
                    <item>
                        <icon>$INFO[Container(50).ListItemNoWrap(7).Icon]</icon>
                        <visible>!String.IsEmpty(Container(50).ListItemNoWrap(7).Icon)</visible>
                        <visible>Window.IsVisible(DialogAddonInfo.xml)</visible>
                    </item>
                    <item>
                        <icon>$INFO[Container(50).ListItemNoWrap(8).Icon]</icon>
                        <visible>!String.IsEmpty(Container(50).ListItemNoWrap(8).Icon)</visible>
                        <visible>Window.IsVisible(DialogAddonInfo.xml)</visible>
                    </item>
                    <item>
                        <icon>$INFO[Container(50).ListItemNoWrap(9).Icon]</icon>
                        <visible>!String.IsEmpty(Container(50).ListItemNoWrap(9).Icon)</visible>
                        <visible>Window.IsVisible(DialogAddonInfo.xml)</visible>
                    </item>

                    <item>
                        <icon>$INFO[ListItem.Art(thumb)]</icon>
                        <visible>!String.IsEmpty(ListItem.Art(thumb))</visible>
                        <visible>Window.IsVisible(DialogVideoInfo.xml)</visible>
                    </item>
                    <item>
                        <icon>$INFO[ListItem.Art(fanart)]</icon>
                        <visible>!String.IsEmpty(ListItem.Art(fanart))</visible>
                    </item>
                    <item>
                        <icon>$INFO[ListItem.Art(fanart1)]</icon>
                        <visible>!String.IsEmpty(ListItem.Art(fanart1))</visible>
                    </item>
                    <item>
                        <icon>$INFO[ListItem.Art(fanart2)]</icon>
                        <visible>!String.IsEmpty(ListItem.Art(fanart2))</visible>
                    </item>
                    <item>
                        <icon>$INFO[ListItem.Art(fanart3)]</icon>
                        <visible>!String.IsEmpty(ListItem.Art(fanart3))</visible>
                    </item>
                    <item>
                        <icon>$INFO[ListItem.Art(fanart4)]</icon>
                        <visible>!String.IsEmpty(ListItem.Art(fanart4))</visible>
                    </item>
                    <item>
                        <icon>$INFO[ListItem.Art(fanart5)]</icon>
                        <visible>!String.IsEmpty(ListItem.Art(fanart5))</visible>
                    </item>
                </content>
            </control>
        </control>
    </include>


    <!-- Recommendations Window Button -->
    <include name="DialogInfo_RecommendationsButton">
        <include content="Object_Hidden_Button">
            <param name="id">7002</param>
            <onfocus condition="Skin.HasSetting(Recommendations.UseLocal)">SetFocus(50)</onfocus>
            <include content="Action_Recommendations_OnFocus" condition="!Skin.HasSetting(Recommendations.UseLocal)">
                <onfocus>SetProperty(Recommendations.IsLoading,1,Home)</onfocus>
                <onfocus>AlarmClock(ClearRecLoading,ClearProperty(Recommendations.IsLoading,Home),00:02,silent)</onfocus>
                <onfocus condition="!Skin.HasSetting(DialogInfo.FocusButtons)">SetFocus(5000)</onfocus>
                <onfocus condition="Skin.HasSetting(DialogInfo.FocusButtons)">SetFocus(4000)</onfocus>
            </include>
        </include>
    </include>

    <include name="DialogInfo_LocalRecommendations">
        <control type="grouplist" id="6000">
            <nested />
            <animation type="Conditional" condition="Control.IsVisible(330)" reversible="false">
                <effect type="slide" end="0,-20" time="60" tween="sine" />
                <effect type="slide" end="0,20" time="180" tween="sine" delay="80" />
            </animation>
            <orientation>vertical</orientation>
            <control type="group" id="6100">
                <height>widget_tbump_h</height>
            </control>

            <include content="Widget_Poster" condition="!$EXP[Exp_IsPersonInfo] + !Skin.HasSetting(Info.DisableCast)">
                <param name="groupid" value="5050" />
                <param name="id" value="50" />
                <param name="label" value="$LOCALIZE[206]" />
                <param name="detailed">true</param>
                <onfocus>ClearProperty(Slide.WidgetInfoStyle)</onfocus>
                <onfocus>ClearProperty(Slide.WidgetContainer)</onfocus>
                <onfocus>ClearProperty(TMDbHelper.WidgetContainer)</onfocus>
                <onunfocus>ClearProperty(Slide.WidgetContainer)</onunfocus>
                <onback>50</onback>
                <onback>SetFocus(5000)</onback>
            </include>

            <include content="Widget_Poster" condition="!$EXP[Exp_IsPersonInfo] + [[!Skin.HasSetting(Info.DisableCollections) + [String.IsEqual(ListItem.DBType,movie) | ListItem.IsCollection]] | [!Skin.HasSetting(Info.DisableSeasons) + String.IsEqual(ListItem.DBType,tvshow) + !Integer.IsEqual(ListItem.Property(TotalSeasons),1)]]">
                <param name="groupid" value="6300" />
                <param name="id" value="6200" />
                <param name="label" value="$VAR[Label_Library_Collections]" />
                <onfocus>ClearProperty(TMDbHelper.WidgetContainer)</onfocus>
                <onfocus>ClearProperty(Slide.WidgetInfoStyle)</onfocus>
                <onunfocus>ClearProperty(Slide.WidgetContainer)</onunfocus>
                <content target="videos">$VAR[Path_Library_Collections]</content>
                <include content="Action_Widget_Play_Click">
                    <param name="id">6200</param>
                </include>
                <onback>50</onback>
                <onback>SetFocus(5000)</onback>
            </include>

            <include content="Widget_Poster" condition="!$EXP[Exp_IsPersonInfo] + !Skin.HasSetting(Info.DisableSeasons) + [String.IsEqual(ListItem.DBType,episode) | String.IsEqual(ListItem.DBType,season) | String.IsEqual(ListItem.DBType,tvshow)]">
                <param name="groupid" value="6301" />
                <param name="id" value="6201" />
                <param name="label" value="$LOCALIZE[20360]" />
                <param name="infowidget">Skin.HasSetting(Recommendations.ExpandPlot)</param>
                <param name="include" value="List_Landscape_Row" />
                <param name="icon" value="$INFO[ListItem.Icon]" />
                <param name="altvisible">!Container.IsUpdating(6200) + Container(6200).ListItem.IsFolder</param>
                <onfocus condition="Skin.HasSetting(Recommendations.ExpandPlot)">SetProperty(Slide.WidgetContainer,6201)</onfocus>
                <onfocus>SetProperty(TMDbHelper.WidgetContainer,6201)</onfocus>
                <onfocus>SetProperty(Slide.WidgetInfoStyle,Plot)</onfocus>
                <onunfocus>ClearProperty(Slide.WidgetContainer)</onunfocus>
                <content target="videos" sortby="episode" sordorder="ascending">$VAR[Path_Library_Episodes]</content>
                <include content="Action_LibraryInfoWidget_Click">
                    <param name="id">6201</param>
                </include>
                <onfocus condition="Skin.HasSetting(Recommendations.ExpandPlot)">Skin.SetBool(TMDbHelper.ForceWidgetContainer)</onfocus>
                <onunfocus>Skin.Reset(TMDbHelper.ForceWidgetContainer)</onunfocus>
                <onback>50</onback>
                <onback>SetFocus(5000)</onback>
            </include>

            <include content="Widget_Poster" condition="!$EXP[Exp_IsPersonInfo] + !Skin.HasSetting(Info.DisableYear)">
                <param name="groupid" value="6302" />
                <param name="id" value="6202" />
                <param name="label" value="$INFO[ListItem.Year,$LOCALIZE[31060] ,]" />
                <param name="visible">!String.IsEmpty(ListItem.Year)</param>
                <param name="infowidget">Skin.HasSetting(Recommendations.ExpandPlot)</param>
                <onfocus condition="Skin.HasSetting(Recommendations.ExpandPlot)">SetProperty(Slide.WidgetContainer,6202)</onfocus>
                <onfocus>SetProperty(TMDbHelper.WidgetContainer,6202)</onfocus>
                <onfocus>SetProperty(Slide.WidgetInfoStyle,Plot)</onfocus>
                <onunfocus>ClearProperty(Slide.WidgetContainer)</onunfocus>
                <content target="videos">$VAR[Path_Library_FromYear]</content>
                <include content="Action_LibraryInfoWidget_Click">
                    <param name="id">6202</param>
                </include>
                <onfocus condition="Skin.HasSetting(Recommendations.ExpandPlot)">Skin.SetBool(TMDbHelper.ForceWidgetContainer)</onfocus>
                <onunfocus>Skin.Reset(TMDbHelper.ForceWidgetContainer)</onunfocus>
                <onback>50</onback>
                <onback>SetFocus(5000)</onback>
            </include>

            <include content="Widget_Poster" condition="!$EXP[Exp_IsPersonInfo] + !Skin.HasSetting(Info.DisableGenre)">
                <param name="groupid" value="6303" />
                <param name="id" value="6203" />
                <param name="label" value="$INFO[ListItem.Genre]" />
                <param name="visible">!String.IsEmpty(ListItem.Genre)</param>
                <param name="infowidget">Skin.HasSetting(Recommendations.ExpandPlot)</param>
                <onfocus condition="Skin.HasSetting(Recommendations.ExpandPlot)">SetProperty(Slide.WidgetContainer,6203)</onfocus>
                <onfocus>SetProperty(TMDbHelper.WidgetContainer,6203)</onfocus>
                <onfocus>SetProperty(Slide.WidgetInfoStyle,Plot)</onfocus>
                <onunfocus>ClearProperty(Slide.WidgetContainer)</onunfocus>
                <content target="videos">$VAR[Path_Library_FromGenre]</content>
                <include content="Action_LibraryInfoWidget_Click">
                    <param name="id">6203</param>
                </include>
                <onfocus condition="Skin.HasSetting(Recommendations.ExpandPlot)">Skin.SetBool(TMDbHelper.ForceWidgetContainer)</onfocus>
                <onunfocus>Skin.Reset(TMDbHelper.ForceWidgetContainer)</onunfocus>
                <onback>50</onback>
                <onback>SetFocus(5000)</onback>
            </include>

            <include content="Widget_Poster" condition="!$EXP[Exp_IsPersonInfo] + !Skin.HasSetting(Info.DisableStudio)">
                <param name="groupid" value="6304" />
                <param name="id" value="6204" />
                <param name="label" value="$INFO[ListItem.Studio]" />
                <param name="visible">!String.IsEmpty(ListItem.Studio)</param>
                <param name="infowidget">Skin.HasSetting(Recommendations.ExpandPlot)</param>
                <onfocus condition="Skin.HasSetting(Recommendations.ExpandPlot)">SetProperty(Slide.WidgetContainer,6204)</onfocus>
                <onfocus>SetProperty(TMDbHelper.WidgetContainer,6204)</onfocus>
                <onfocus>SetProperty(Slide.WidgetInfoStyle,Plot)</onfocus>
                <onunfocus>ClearProperty(Slide.WidgetContainer)</onunfocus>
                <content target="videos">$VAR[Path_Library_FromStudio]</content>
                <include content="Action_LibraryInfoWidget_Click">
                    <param name="id">6204</param>
                </include>
                <onfocus condition="Skin.HasSetting(Recommendations.ExpandPlot)">Skin.SetBool(TMDbHelper.ForceWidgetContainer)</onfocus>
                <onunfocus>Skin.Reset(TMDbHelper.ForceWidgetContainer)</onunfocus>
                <onback>50</onback>
                <onback>SetFocus(5000)</onback>
            </include>

            <include content="Widget_Poster" condition="!$EXP[Exp_IsPersonInfo] + !Skin.HasSetting(Info.DisableDirector)">
                <param name="groupid" value="6305" />
                <param name="id" value="6205" />
                <param name="label" value="$INFO[ListItem.Director,$LOCALIZE[31225] ,]" />
                <param name="visible">!String.IsEmpty(ListItem.Director)</param>
                <param name="infowidget">Skin.HasSetting(Recommendations.ExpandPlot)</param>
                <onfocus condition="Skin.HasSetting(Recommendations.ExpandPlot)">SetProperty(Slide.WidgetContainer,6205)</onfocus>
                <onfocus>SetProperty(TMDbHelper.WidgetContainer,6205)</onfocus>
                <onfocus>SetProperty(Slide.WidgetInfoStyle,Plot)</onfocus>
                <onunfocus>ClearProperty(Slide.WidgetContainer)</onunfocus>
                <content target="videos">$VAR[Path_Library_FromDirector]</content>
                <include content="Action_LibraryInfoWidget_Click">
                    <param name="id">6205</param>
                </include>
                <onfocus condition="Skin.HasSetting(Recommendations.ExpandPlot)">Skin.SetBool(TMDbHelper.ForceWidgetContainer)</onfocus>
                <onunfocus>Skin.Reset(TMDbHelper.ForceWidgetContainer)</onunfocus>
                <onback>50</onback>
                <onback>SetFocus(5000)</onback>
            </include>

            <include content="Widget_Poster" condition="!$EXP[Exp_IsPersonInfo] + !Skin.HasSetting(Info.DisableWriter)">
                <param name="groupid" value="6306" />
                <param name="id" value="6206" />
                <param name="label" value="$INFO[ListItem.Writer,$LOCALIZE[31224] ,]" />
                <param name="visible">!String.IsEmpty(ListItem.Writer)</param>
                <param name="infowidget">Skin.HasSetting(Recommendations.ExpandPlot)</param>
                <onfocus condition="Skin.HasSetting(Recommendations.ExpandPlot)">SetProperty(Slide.WidgetContainer,6206)</onfocus>
                <onfocus>SetProperty(TMDbHelper.WidgetContainer,6206)</onfocus>
                <onfocus>SetProperty(Slide.WidgetInfoStyle,Plot)</onfocus>
                <onunfocus>ClearProperty(Slide.WidgetContainer)</onunfocus>
                <content target="videos">$VAR[Path_Library_FromWriter]</content>
                <include content="Action_LibraryInfoWidget_Click">
                    <param name="id">6206</param>
                </include>
                <onfocus condition="Skin.HasSetting(Recommendations.ExpandPlot)">Skin.SetBool(TMDbHelper.ForceWidgetContainer)</onfocus>
                <onunfocus>Skin.Reset(TMDbHelper.ForceWidgetContainer)</onunfocus>
                <onback>50</onback>
                <onback>SetFocus(5000)</onback>
            </include>

            <control type="button" id="330">
                <width>1</width>
                <height>1</height>
                <left>-1000</left>
                <onfocus>SetFocus(6000)</onfocus>
                <onclick>SetFocus(6000)</onclick>
                <visible allowhiddenfocus="true">Control.HasFocus(330)</visible>
                <animation effect="fade" time="300" start="0" end="0">Focus</animation>
            </control>
        </control>
    </include>

    <!-- File Path for Management -->
    <include name="DialogInfo_FilePathInfo">
        <control type="grouplist">
            <orientation>horizontal</orientation>
            <bottom>0</bottom>
            <itemgap>10</itemgap>
            <height>view_pad</height>
            <left>grid_x04</left>
            <right>grid_x04</right>
            <align>right</align>
	    <!-- notoco -->
            <animation effect="fade" start="0" end="100" time="300" delay="100">Visible</animation>
            <control type="image">
                <width>56</width>
                <height>56</height>
                <centertop>51%</centertop>
                <texture colordiffuse="main_fg_90">special://skin/extras/icons/files.png</texture>
            </control>
            <control type="label">
                <aligny>center</aligny>
                <label>$INFO[ListItem.FileNameAndPath]</label>
                <font>font_mini</font>
                <textcolor>main_fg_90</textcolor>
                <haspath>true</haspath>
                <width max="1800">auto</width>
            </control>
        </control>
    </include>

    <!-- Music ExtraArt -->
    <include name="DialogInfo_MusicArt">
        <param name="discart_top" default="231" />
        <param name="discart_spin" default="true" />
        <param name="discart_image" default="$VAR[Image_DiscArt]" />
        <param name="width" default="infodialog_poster_w" />
        <definition>
            <control type="group">
                <top>view_top</top>
                <bottom>view_pad</bottom>
                <width>$PARAM[width]</width>
                <centerleft>50%</centerleft>
                <control type="image">
                    <top>$PARAM[discart_top]</top>
                    <height>$PARAM[width]</height>
                    <width>$PARAM[width]</width>
                    <texture background="true">$PARAM[discart_image]</texture>
                    <aspectratio>keep</aspectratio>
                    <bordersize>40</bordersize>
                    <animation effect="rotate" condition="true" start="0" end="180" center="auto">Conditional</animation>
                    <!-- <animation effect="rotate" condition="$PARAM[discart_spin]" start="0" end="360" loop="true" time="50000" center="auto">Conditional</animation> -->
                    <fadetime>300</fadetime>
                </control>
            </control>
        </definition>
    </include>

</includes>
